game,community_id,Negative,Neutral,Positive,comments,positive_pct,neutral_pct,negative_pct,users,top_terms,top_central_users
BanG Dream,0,14.0,480.0,18.0,512.0,3.52,93.75,2.73,168,"dream, bang, bang dream, anon, just, umiri, ave, girls","@umwatvy, @そとのひと-d2e, @nh4011, @fantasticformula4239, @ささ-r5z"
BanG Dream,1,94.0,163.0,91.0,348.0,26.15,46.84,27.01,161,"play, lol, like, just, vanoray8734, song, notes, im","@4everVampy, @Michirin9801, @ena.inactiveacc9886, @KuroR1zU, @keverites"
BanG Dream,2,64.0,308.0,66.0,438.0,15.07,70.32,14.61,111,"episode, yumemita, like, taki, game, just, anime, new","@andrewfantome4020, @GiantMyGO, @rokiskt, @knexell5894, @masayama5693"
BanG Dream,3,80.0,92.0,55.0,227.0,24.23,40.53,35.24,99,"like, bandori, dub, voice, good, true, sound, it's","@cambrianangel, @Dawgofdawg, @xavier-san4599, @MisonoMika1, @maltodextrins"
BanG Dream,4,63.0,74.0,80.0,217.0,36.87,34.1,29.03,96,"bandori, like, cover, pjsk, love, real, fr, good","@yell0w-man, @__-cm2qo, @justasillyseelie, @みお-b6r, @iamyourmagician"
BanG Dream,5,42.0,109.0,94.0,245.0,38.37,44.49,17.14,95,"bandori, like, cover, pjsk, love, ily, covers, real","@crychic, @cornetgirliee, @majiwarusentosen, @crispychichen, @epitxh"
BanG Dream,6,77.0,79.0,66.0,222.0,29.73,35.59,34.68,93,"bandori, like, pjsk, just, good, lmao, game, song","@Angie-L810, @revenant_birds, @maybeinky, @Autistic_Menace00, @alyssasauc3"
BanG Dream,7,51.0,75.0,21.0,147.0,14.29,51.02,34.69,83,"bandori, better, just, sisters, like, card, theyre, love","@tinyxstyle8809, @agidokiyt2164, @detloid67, @nyanspark, @starrshort6403"
BanG Dream,8,3.0,170.0,10.0,183.0,5.46,92.9,1.64,76,"killkiss, hina, ave, mygo, mugendai, angra, silentlog_user, tgaj9314","@amaguri530, @Arsene-z8p, @hidane2r, @Orange_kawa626, @らっきょ-q5t"
BanG Dream,9,63.0,74.0,21.0,158.0,13.29,46.84,39.87,72,"like, dub, sound, kokoro, just, voice, oh, ded","@GrayWolf5000, @somaidraws2743, @Eric-cx8ih, @thaumazei, @mahiruhanayo"
BanG Dream,10,1.0,230.0,7.0,238.0,2.94,96.64,0.42,66,"mg, ras, ras mg, love, popipa, good, mikumiku692, agw","@Fumi.0710, @まっちゅん-q9s, @BLY4152, @ゼタすわ, @EVOL-bh"
BanG Dream,11,15.0,59.0,45.0,119.0,37.82,49.58,12.61,66,"song, best, roselia, got, like, yes, just, i'm","@KagamiKawaiineD35u, @shayn3, @-.bella.-, @lalao.1691, @ri_ciel1020"
BanG Dream,12,43.0,62.0,42.0,147.0,28.57,42.18,29.25,64,"bandori, like, rockstargorlllll, game, pjsk, love, just, yeah","@bugkasa, @OwlsV, @SleepyZzz956, @fstut33tfnmy, @mfyuq"
BanG Dream,13,14.0,77.0,34.0,125.0,27.2,61.6,11.2,61,"sayo, hina, like, time, cute, kidz4p509, watch, voice","@sphynx3789, @daviddafitt, @idagonchannel5681, @zacharylee6405, @みかづき-u4d"
BanG Dream,14,12.0,37.0,48.0,97.0,49.48,38.14,12.37,61,"like, song, love, roselia, morfonica, play, songs, fast","@luvkamishiro7628, @noriii, @Unknown_Geek, @ririginanon, @kkyoyo_"
BanG Dream,15,9.0,157.0,5.0,171.0,2.92,91.81,5.26,56,"uika, lmao, added, does, scp0305, fake, alien, ave","@tanotano5748, @流離-o3h, @Renderaux4233, @SuperMerlin100, @エボルガツオ"
BanG Dream,16,22.0,43.0,9.0,74.0,12.16,58.11,29.73,54,"rufflerena, just, lol, playing, play, like, hell, that's","@osakashizucc, @DEEZ_N4T, @crystalpuff7583, @uniivxrsyuri7804, @UT4iTE"
BanG Dream,17,18.0,63.0,35.0,116.0,30.17,54.31,15.52,53,"like, game, anime, episode, life, i'm, just, season","@nazunamoe, @theluckygamer10, @barusuuu, @casinopolis, @phiphi2209"
BanG Dream,18,0.0,131.0,6.0,137.0,4.38,95.62,0.0,47,"j1h, neuia, nyauh8059","@Tomato1714, @めそ太郎-g5u, @shiaki4020, @st1838-jw5jm, @おももたん"
BanG Dream,19,20.0,28.0,35.0,83.0,42.17,33.73,24.1,46,"took, my_sweetmelodiii, dream, love, game, pareo, anime, voice","@sad_melli7270, @MJ-kc9ic, @ladynight3790, @nah002, @angeldoodles02"
BanG Dream,20,15.0,30.0,66.0,111.0,59.46,27.03,13.51,43,"congrats, thanks, got, tsugu, cards, card, luck, sayo","@smoothlyaway, @reiyunaako, @uhuhmmumm, @mez1024, @mafumori_"
BanG Dream,21,1.0,101.0,8.0,110.0,7.27,91.82,0.91,43,"mygo, oh, awesome, akane, drummer, she's, akane yonezawa, yonezawa","@matheusps92, @姓名-r9e6l, @love_SR_love, @Groundtouringcar09, @oceriavs"
BanG Dream,22,30.0,49.0,23.0,102.0,22.55,48.04,29.41,39,"slimycrackerhelpmedeargod, song, just, notes, story, speed, bandori, good","@lolumad1656, @spontaneouslycombusted7664, @cole5241, @carliseavigail.l3448, @ligeringspirit1133"
BanG Dream,23,25.0,35.0,3.0,63.0,4.76,55.56,39.68,28,"anon, like, sayo, poor, dub, soyo, british, sounds","@Goku-ji3of, @_dsvt_, @emil-1999, @PhantomThiefXI, @badgerstateelevators6363"
BanG Dream,24,30.0,11.0,5.0,46.0,10.87,23.91,65.22,27,"d4dj, bandori, anime, songs, like, play, removed, think","@Meatdeposity, @ashroomu, @zera-zero, @catgirl-enjoyer, @gumimegpoidresident"
BanG Dream,25,18.0,23.0,8.0,49.0,16.33,46.94,36.73,24,"peak, english, like, lol, better, song, just, ago","@LowtusMob, @shnezzyy, @coffee-oujithe2nd, @TheChaosKrew67, @hypergigantes7959"
BanG Dream,26,17.0,19.0,8.0,44.0,18.18,43.18,38.64,23,"voice, dub, voices, omg, did, game, probably, think","@crystllxe, @comicattt, @rokka9305, @chaseyy987, @pop6039"
BanG Dream,27,0.0,33.0,4.0,37.0,10.81,89.19,0.0,20,"blacklotus_z33, taki","@KM-ef4vj, @やまちゃん-2, @AY-dv8qm, @emu8799, @のすけ-x5p"
BanG Dream,28,7.0,9.0,17.0,33.0,51.52,27.27,21.21,20,"bandori, like, just, long, good, song, vocals, live","@rtmushroom, @spirits9502, @Ruwnw.jp3, @Mahladhan, @goldy496"
BanG Dream,29,10.0,16.0,16.0,42.0,38.1,38.1,23.81,18,"ship, time, views, million, episode, skin, guys, watch","@pardalinumvollmeri, @sayfridge, @SoRa_sakayanagi0312, @simplewombat7442, @diakurosawa5156"
BanG Dream,30,0.0,13.0,1.0,14.0,7.14,92.86,0.0,14,,"@つよぽ-q9e, @かぼす-m3q, @wasabi-mayodayo, @주춤이, @ゲノ-mys"
BanG Dream,31,10.0,4.0,6.0,20.0,30.0,20.0,50.0,13,"thewayofthewott, bandori, yeah, like, roselia, cover, expect, king","@giuse5050, @gglmfao, @raraanangfd, @INTJ791, @RlTCHAN"
BanG Dream,32,7.0,8.0,3.0,18.0,16.67,44.44,38.89,11,"like, song, voice","@lawss7410, @maisierrx, @m.sydneyvern2260, @leslification, @maleman4079"
BanG Dream,33,0.0,11.0,0.0,11.0,0.0,100.0,0.0,9,,"@aoiyugaming9530, @ねこしぼり, @フンバルトヘーデル-q4f, @user-gdhduuuu, @Geneius2509"
BanG Dream,34,0.0,23.0,0.0,23.0,0.0,100.0,0.0,7,,"@mameshiba-san, @チョコチップメロンパン-v7q, @腕部大回転, @Anvica, @wjrekdgl412"
BanG Dream,35,0.0,7.0,3.0,10.0,30.0,70.0,0.0,7,"hagumi, murilofukuda7680, think, pretty","@murilofukuda7680, @fluffykat05, @jacegerard8343, @neqmisism, @amandocas1766"
BanG Dream,36,1.0,8.0,2.0,11.0,18.18,72.73,9.09,7,"girl, game, mid, mid game","@akita178, @trollingnoobs8384, @miketoastpence, @crimsond.6503, @yoimiya5566"
BanG Dream,37,0.0,15.0,0.0,15.0,0.0,100.0,0.0,6,"linknya, ep, ada, link, krasnamerah1926, ngab, fathurrahmanferdyan, ini","@Ghazam05, @arigandhiwikananda9993, @faqihramadhan7103, @neko-el2yl, @fathurrahmanferdyan"
BanG Dream,38,2.0,8.0,2.0,12.0,16.67,66.67,16.67,6,"bandori, beef, card","@mafu_n, @ギャルオ, @Vocaloid_Fanatic, @peachnami, @SebekMyBaby"
BanG Dream,39,0.0,11.0,0.0,11.0,0.0,100.0,0.0,6,,"@ebiebiyadayada, @あざぜる-u4m, @SIU-NONON0ME, @NMALsh13, @Mariruri-fu1yk"
BanG Dream,40,0.0,9.0,2.0,11.0,18.18,81.82,0.0,6,,"@ioioi1466, @owl9410, @mm22-j9tl, @LAD-ug9hm, @此糸はるか"
BanG Dream,41,1.0,6.0,1.0,8.0,12.5,75.0,12.5,6,"bonedoq, funeraletter, watch","@sheepawolf, @Purplehatcat123, @adrianxeport4480, @funeraletter, @bonedoq"
BanG Dream,42,1.0,3.0,2.0,6.0,33.33,50.0,16.67,5,"bandori, kid, bandori better, better","@LauradeLimaLeao, @fairytypecake, @minettemin, @aabluequeen56, @medkit_"
BanG Dream,43,0.0,6.0,0.0,6.0,0.0,100.0,0.0,5,"pitch, songs, keys, original, lower, version, accommodate, covers","@YABE-JesterTakodachi, @SolidIce99, @owari5536, @nikovoss1472, @yawningyawning814"
BanG Dream,44,0.0,7.0,0.0,7.0,0.0,100.0,0.0,5,,"@karakasa0715, @MIDORI_YAMA_44-49TH, @たろう-b4k, @z4kl374, @Pasta_1865"
BanG Dream,45,1.0,5.0,2.0,8.0,25.0,62.5,12.5,5,"like, pjsk, bandori, lot, feeling, love, really, song","@hanayo8177, @MiyuuNandesu, @evilshadowlover117, @jayyyythearsonist, @urlocalanimatorr"
BanG Dream,46,3.0,1.0,1.0,5.0,20.0,20.0,60.0,5,"prsk, sega, song, company, game, license, lost","@bweesryi, @WereGirl215, @PinkAgaricus, @sopheasofea, @dicky5081"
BanG Dream,47,0.0,2.0,3.0,5.0,60.0,40.0,0.0,5,"iconic, roselia, bandori, definitely","@remi9376, @asianalpaca8823, @miracleswinson, @pearlofivris, @Awacadooo"
BanG Dream,48,0.0,8.0,4.0,12.0,33.33,66.67,0.0,5,"polyphia, music, rock","@Holaaparty, @potassiumpermanganate8803, @mkmcl-g8z, @bitfrosteseigeheim5605, @patt-naniman922"
BanG Dream,49,1.0,2.0,3.0,6.0,50.0,33.33,16.67,5,"bandori, like, dramaturgy, just, cover, voice, project, project sekai","@theclifflookssojumpable, @hugoswife, @kirillnezhentsev7700, @mahesakha, @NimKhea"
BanG Dream,50,0.0,13.0,7.0,20.0,35.0,65.0,0.0,5,,"@由月-q7b, @NabilaRizqia-p3f, @Poppin_Party-Hype, @daRksideee, @おおのますみ-r9o"
BanG Dream,51,3.0,5.0,0.0,8.0,0.0,62.5,37.5,5,"incest, double, double mint, mint","@kruzt6426, @diffanzrq710, @mynameidontknow3701, @erisuro2807, @nokkutisu"
BanG Dream,52,0.0,5.0,3.0,8.0,37.5,62.5,0.0,5,"en, crunchyroll, en crunchyroll","@asaka_chan, @alexishope4511, @MefuNaron, @clemntine3871, @aaronvandam3409"
BanG Dream,53,0.0,2.0,4.0,6.0,66.67,33.33,0.0,4,"kxkichi, lipxlip, hhw, stan","@naukmo, @Kxkichi.216_, @HeroNarvar, @bananice777"
BanG Dream,54,0.0,3.0,3.0,6.0,50.0,50.0,0.0,4,"love, good, hunch, just hunch, cover, just, roselia, like","@Akira-ck3dy, @AnthonySNath, @noodleislost, @icyfeather"
BanG Dream,55,4.0,3.0,1.0,8.0,12.5,37.5,50.0,4,"fenomenomeno, bandori, collab, just, chainsaw, chainsaw man, man, ago","@fenomenomeno, @Astra7Light, @deadxRomanticx, @draco4873"
BanG Dream,56,3.0,2.0,1.0,6.0,16.67,33.33,50.0,4,song,"@YuukiSinju, @aya-wr7rj, @ethanliang1836, @riiririlac"
BanG Dream,57,1.0,5.0,0.0,6.0,0.0,83.33,16.67,4,bandori,"@sleepzzyxx, @Roxanne5912, @narufan69, @akikasaluvr1928"
BanG Dream,58,0.0,4.0,0.0,4.0,0.0,100.0,0.0,4,,"@DAMTN-og2kg, @ヘタクソドラマー, @toyokaz4338, @土葬7ちゃい"
BanG Dream,59,2.0,1.0,3.0,6.0,50.0,16.67,33.33,4,"just, like, bandori, song, like bandori","@Andrea-t9w4t, @iich.bin.sway., @antiawarenessawarenessclub, @sparkling-splendor"
BanG Dream,60,1.0,2.0,4.0,7.0,57.14,28.57,14.29,4,"bandori, layer","@Plushymon, @yuelily, @kittiecandy747, @itzu.ki_pompom"
BanG Dream,61,0.0,3.0,2.0,5.0,40.0,60.0,0.0,4,honestly,"@pachipachimari, @brendaasbury3421, @dreamxmints8946, @maianjo4117"
BanG Dream,62,0.0,5.0,2.0,7.0,28.57,71.43,0.0,4,,"@oy7406, @RockyMiyashita, @陸奥圓明流, @gipoiryplay"
BanG Dream,63,0.0,2.0,3.0,5.0,60.0,40.0,0.0,4,roselia,"@mochishoujou, @猗窩座金屋, @123playwright, @Mornyechwaan"
BanG Dream,64,0.0,3.0,4.0,7.0,57.14,42.86,0.0,4,"bandori, si","@LoliWizard, @hero-s7n, @sayssosayss, @YamabiKaze"
BanG Dream,65,0.0,7.0,0.0,7.0,0.0,100.0,0.0,4,,"@snthrsOFFICIAL, @CMP_Sora_Official, @S3kylarr, @KilkaMilka585"
BanG Dream,66,6.0,4.0,4.0,14.0,28.57,28.57,42.86,4,"idol, right, just, band, members, tri4luvz78, voices, group","@yvegi935, @fruitloop2488, @tri4luvz78, @hungerxhunger2548"
BanG Dream,67,1.0,1.0,3.0,5.0,60.0,20.0,20.0,4,,"@Ihatemylife67296, @mythicalskeleton1546, @IroiRo_owo-_P, @1_AnonFanAndKinnie"
BanG Dream,68,1.0,4.0,1.0,6.0,16.67,66.67,16.67,4,im,"@Kaisha99, @like4cookies, @fearless_say_yes, @Yourbestfriend383"
BanG Dream,69,0.0,6.0,0.0,6.0,0.0,100.0,0.0,4,,"@유청이_Yc, @みかげ-h7u, @0i__xm, @alcEng-556"
BanG Dream,70,2.0,3.0,3.0,8.0,37.5,37.5,25.0,4,"bandori, covers, don, like, like bandori, bandori covers, different, hits","@tcistrash9911, @-Kal_729-, @c0ding_th3_r4in, @That_Lovely_gurl"
BanG Dream,71,2.0,1.0,3.0,6.0,50.0,16.67,33.33,4,"pain, speed","@seaunie, @nobrowrat, @justyouraveragemartian783, @GM.Nobody"
BanG Dream,72,5.0,5.0,2.0,12.0,16.67,41.67,41.67,3,"skyhigh0183, like, pjsk, queen, biased, bandori, did, raaah","@skyhigh0183, @truthlessrecluse, @IlyEna5"
BanG Dream,73,3.0,1.0,1.0,5.0,20.0,20.0,60.0,3,"placeholder, years, songs","@owenlover8081, @alamodefan, @Placeholder-kl2pq"
BanG Dream,74,0.0,7.0,0.0,7.0,0.0,100.0,0.0,3,diandrabagas2333,"@diandrabagas2333, @fuukouzekka, @ghalyyazid1373"
BanG Dream,75,1.0,4.0,0.0,5.0,0.0,80.0,20.0,3,"just, missingnemesis, fever","@seakair., @missingnemesis, @Aria-Shiu"
BanG Dream,76,1.0,2.0,11.0,14.0,78.57,14.29,7.14,3,"views, literally, love, im","@jaejunger, @kopistherevelator5509, @slanceslance7026"
BanG Dream,77,1.0,1.0,1.0,3.0,33.33,33.33,33.33,3,"cover, project","@Lunari-chan12, @pierce6357, @ForksAreBetterThenSpoons"
BanG Dream,78,0.0,5.0,0.0,5.0,0.0,100.0,0.0,3,"anime, game","@XPCrimson, @honor__, @reflector1900"
BanG Dream,79,0.0,4.0,0.0,4.0,0.0,100.0,0.0,3,,"@沙沙-g7e, @香風智乃-x5u, @1kaka165"
BanG Dream,80,3.0,1.0,0.0,4.0,0.0,25.0,75.0,3,"bands, like","@layslaylays, @candyheavenly3, @xyzarare"
BanG Dream,81,1.0,3.0,2.0,6.0,33.33,50.0,16.67,3,"adachivineboom, android","@juliasayuri7075, @vwxtek, @adachivineboom"
BanG Dream,82,0.0,3.0,0.0,3.0,0.0,100.0,0.0,3,,"@okku92, @陸奥-l3h, @ЮрійСухіх-в9с"
BanG Dream,83,0.0,0.0,3.0,3.0,100.0,0.0,0.0,3,"bandori, sekai, loyal, king","@bricali, @selkie2737, @Minato_oshi"
BanG Dream,84,0.0,1.0,3.0,4.0,75.0,25.0,0.0,3,pretty,"@darkshadow_42069, @Sotoyalay704, @NayaFeliz"
BanG Dream,85,0.0,3.0,2.0,5.0,40.0,60.0,0.0,3,"episode, season","@bakingzhab, @agustinbutera8527, @kozukanyala"
BanG Dream,86,1.0,3.0,0.0,4.0,0.0,75.0,25.0,3,,"@vlenmd, @stillsleepingneko, @Kristan1503"
BanG Dream,87,1.0,2.0,0.0,3.0,0.0,66.67,33.33,3,,"@astro7220, @WeiWuxianReal, @rileyitokimjoy0123"
BanG Dream,88,0.0,4.0,0.0,4.0,0.0,100.0,0.0,3,,"@akamatsukaede9806, @CoffeeeeeeeNime, @ena_chanloves"
BanG Dream,89,2.0,3.0,1.0,6.0,16.67,50.0,33.33,3,"covers, love, really, pjsk, va, singers, life, love ran","@fenoken, @nightcord25ji, @CatFan002"
BanG Dream,90,0.0,3.0,1.0,4.0,25.0,75.0,0.0,3,"doing, holy, angle, clip, total","@katlyn6103, @kyoka306, @miktxz"
BanG Dream,91,0.0,3.0,1.0,4.0,25.0,75.0,0.0,3,,"@しんた-g1h, @餃子大臣, @らんねす"
BanG Dream,92,0.0,4.0,0.0,4.0,0.0,100.0,0.0,3,,"@冴木ムラサキ, @晃一-y7q, @抹茶ラテ過激日"
BanG Dream,93,0.0,3.0,0.0,3.0,0.0,100.0,0.0,3,"bang, bang dream, dream, tinistrawbunnie, tinistrawbunnie bang","@rinkokone, @emmaanimations4329, @nanomacaron232"
BanG Dream,94,4.0,1.0,0.0,5.0,0.0,20.0,80.0,3,"moca, voice","@jiwoie, @justelisan1766, @NoOtherNames"
BanG Dream,95,2.0,1.0,0.0,3.0,0.0,33.33,66.67,3,,"@Cactusssutcac, @animmons, @luluthecreator44"
BanG Dream,96,0.0,8.0,0.0,8.0,0.0,100.0,0.0,3,,"@hoir-x3s, @さすぼん-h1x, @我赴くはセイウチの群れ"
BanG Dream,97,1.0,3.0,1.0,5.0,20.0,60.0,20.0,3,yumemita,"@quierodinero1187, @horasenka3327, @el_khyii"
BanG Dream,98,0.0,3.0,1.0,4.0,25.0,75.0,0.0,3,,"@priyadarshini2079, @I_l0v3_Ruikasa12, @hagumydei"
BanG Dream,99,0.0,3.0,0.0,3.0,0.0,100.0,0.0,3,,"@プレント, @奏絶, @グリセリン-b6t"
BanG Dream,100,0.0,4.0,0.0,4.0,0.0,100.0,0.0,3,,"@Jyo_Daaaaaaaaaa, @astralera-t8i, @末田尚仁"
BanG Dream,101,1.0,5.0,2.0,8.0,25.0,62.5,12.5,3,"anon, yukina","@r0000g, @bazlarahima, @XIMIPA6_IlhamMuttaqinSakti_15"
BanG Dream,102,1.0,7.0,0.0,8.0,0.0,87.5,12.5,3,,"@佐藤一郎-v1h, @lovefouru3430, @Eosinophyllis"
BanG Dream,103,0.0,2.0,2.0,4.0,50.0,50.0,0.0,3,,"@ok-lo7ui, @Crystal_digitalstar, @chuutheworldd"
BanG Dream,104,3.0,6.0,13.0,22.0,59.09,27.27,13.64,3,"fc, ayameyuki, ayameyuki ff, ff, did, like, master, combo","@AyameYuki-FF, @wleepo, @craftypixel7992"
BanG Dream,105,1.0,1.0,3.0,5.0,60.0,20.0,20.0,3,million,"@anotherfoxy4250, @NielxHunter, @megami_ix"
BanG Dream,106,0.0,2.0,2.0,4.0,50.0,50.0,0.0,3,"episode, think, just","@MargyAlice, @ChiiPops, @esense9602"
BanG Dream,107,0.0,3.0,1.0,4.0,25.0,75.0,0.0,3,,"@agaed7676, @YTSirBlack, @rosicorzguz2778"
BanG Dream,108,0.0,4.0,0.0,4.0,0.0,100.0,0.0,3,,"@みじんこ-b3z, @もちもち雪兎, @HangyakuN0Debutcho"
BanG Dream,109,0.0,5.0,0.0,5.0,0.0,100.0,0.0,3,,"@寝取られを滅ぼすマスターロゴス, @jychou-y1c1q, @たのシンゴ"
BanG Dream,110,1.0,2.0,0.0,3.0,0.0,66.67,33.33,3,bandori,"@fluffymii599, @Tsubasaswife_, @sraluch777"
BanG Dream,111,2.0,1.0,0.0,3.0,0.0,33.33,66.67,3,,"@hukate368, @KORALSTRIPZ, @Nath1"
BanG Dream,112,0.0,3.0,0.0,3.0,0.0,100.0,0.0,3,,"@minatoyukina.2834, @choerrybat69, @gxnn1108"
BanG Dream,113,0.0,3.0,1.0,4.0,25.0,75.0,0.0,3,,"@ななみ-i5i, @生部健人, @BNSNKS"
BanG Dream,114,0.0,2.0,1.0,3.0,33.33,66.67,0.0,3,,"@arlan_amia_canon, @zinc3491, @日本アムウヱイ"
BanG Dream,115,1.0,3.0,1.0,5.0,20.0,60.0,20.0,2,healeon,"@waldoblakeO8, @Healeon"
BanG Dream,116,1.0,3.0,0.0,4.0,0.0,75.0,25.0,2,"sound, bandori","@NenezHeartz, @megu.a"
BanG Dream,117,1.0,2.0,3.0,6.0,50.0,33.33,16.67,2,"d4dj, bandori, played, played bandori","@selfishpunisher8336, @nohintshere"
BanG Dream,118,0.0,1.0,5.0,6.0,83.33,16.67,0.0,2,song,"@emily63647, @ishvalencanon8000"
BanG Dream,119,1.0,0.0,2.0,3.0,66.67,0.0,33.33,2,"day, popipa","@martinkf, @moon-zd3re"
BanG Dream,120,0.0,2.0,0.0,2.0,0.0,100.0,0.0,2,,"@totalcam5766, @mt-mj1pv"
BanG Dream,121,0.0,1.0,1.0,2.0,50.0,50.0,0.0,2,,"@rllyfwckupper, @minimimimiii"
BanG Dream,122,0.0,0.0,2.0,2.0,100.0,0.0,0.0,2,,"@richie6497, @Shoepots"
BanG Dream,123,0.0,2.0,0.0,2.0,0.0,100.0,0.0,2,,"@茶ちょこ, @ともやとき"
BanG Dream,124,3.0,0.0,0.0,3.0,0.0,0.0,100.0,2,,"@Mijikai_Rin221B88, @strawberry_orchiid"
BanG Dream,125,0.0,0.0,2.0,2.0,100.0,0.0,0.0,2,,"@nnvg777, @XLEZZY_REUPLOADS"
BanG Dream,126,0.0,2.0,0.0,2.0,0.0,100.0,0.0,2,,"@sakuramiku311, @pavtirfetti"
BanG Dream,127,0.0,3.0,0.0,3.0,0.0,100.0,0.0,2,,"@デモペチ, @lv5136"
BanG Dream,128,2.0,2.0,0.0,4.0,0.0,50.0,50.0,2,,"@RAMBOWINSFOOL, @bluetorment"
BanG Dream,129,0.0,2.0,0.0,2.0,0.0,100.0,0.0,2,,"@zenzenttekaneko, @burgersonmymind420"
BanG Dream,130,0.0,2.0,1.0,3.0,33.33,66.67,0.0,2,enstars,"@roseeessshk, @aoba_aboba"
BanG Dream,131,0.0,2.0,0.0,2.0,0.0,100.0,0.0,2,,"@ずんだ餅ネキ, @Naka-y6c"
BanG Dream,132,3.0,48.0,9.0,60.0,15.0,80.0,5.0,2,"ready, xoxz, kumi, bandori, easy, girl, got, chan","@สถาพรศิริกมลทิพย์-ฅ1ฝ, @สถาพรศิริกมลทิพย์"
BanG Dream,133,1.0,1.0,0.0,2.0,0.0,50.0,50.0,2,,"@Fanlyna26, @yaycb"
BanG Dream,134,1.0,0.0,2.0,3.0,66.67,0.0,33.33,2,growl,"@Tristia_.n, @virtuallifesupport"
BanG Dream,135,0.0,2.0,1.0,3.0,33.33,66.67,0.0,2,,"@タケノコの甘味料, @Rin-ei5mt"
BanG Dream,136,0.0,3.0,0.0,3.0,0.0,100.0,0.0,2,,"@AlysAlien, @slootle4370"
BanG Dream,137,0.0,2.0,0.0,2.0,0.0,100.0,0.0,2,,"@josephblackline8332, @Reza-wg2cy"
BanG Dream,138,1.0,4.0,4.0,9.0,44.44,44.44,11.11,2,"bruh, cute","@8888carnival, @Elegantdaenggi"
BanG Dream,139,0.0,1.0,1.0,2.0,50.0,50.0,0.0,2,,"@tombenitez7402, @hyu9191"
BanG Dream,140,0.0,3.0,0.0,3.0,0.0,100.0,0.0,2,,"@iilxmonblossomz1772, @yadghdjd2060"
BanG Dream,141,1.0,0.0,1.0,2.0,50.0,0.0,50.0,2,,"@xxlorale, @spawnism"
BanG Dream,142,0.0,1.0,1.0,2.0,50.0,50.0,0.0,2,,"@yve3117, @therandomabberz8267"
BanG Dream,143,0.0,2.0,0.0,2.0,0.0,100.0,0.0,2,,"@onYouTube-hf6lp, @じゅんっち-v9k"
BanG Dream,144,1.0,0.0,1.0,2.0,50.0,0.0,50.0,2,,"@chichigrubs, @mitskisupremacy2254"
BanG Dream,145,0.0,2.0,0.0,2.0,0.0,100.0,0.0,2,,"@ecloutc, @夜神月-e7x"
BanG Dream,146,0.0,4.0,0.0,4.0,0.0,100.0,0.0,2,,"@ユゥユゥ-h7e, @玲弦"
BanG Dream,147,0.0,3.0,0.0,3.0,0.0,100.0,0.0,2,,"@maple3594, @声優好き-n9c"
BanG Dream,148,1.0,0.0,1.0,2.0,50.0,0.0,50.0,2,,"@thedovewillalwaysreturn, @tominiowa2513"
BanG Dream,149,3.0,0.0,0.0,3.0,0.0,0.0,100.0,2,,"@ZiaoMiao, @Z.Toast1"
BanG Dream,150,0.0,7.0,0.0,7.0,0.0,100.0,0.0,2,,"@matin112358, @vespakld"
BanG Dream,151,0.0,2.0,0.0,2.0,0.0,100.0,0.0,2,,"@moja5394, @namespace3109"
BanG Dream,152,1.0,1.0,0.0,2.0,0.0,50.0,50.0,2,,"@classycandycanes4243, @rPanda112"
BanG Dream,153,0.0,5.0,0.0,5.0,0.0,100.0,0.0,2,,"@Matsu-lp4, @hide_owakon_kids"
BanG Dream,154,1.0,2.0,1.0,4.0,25.0,50.0,25.0,2,button,"@hannlol, @planetnexus3240"
BanG Dream,155,1.0,1.0,1.0,3.0,33.33,33.33,33.33,2,,"@morgandouglas6014, @jolvelyzyy"
BanG Dream,156,0.0,2.0,1.0,3.0,33.33,66.67,0.0,2,en,"@BanditTheShepherd, @dragnasylvarion8854"
BanG Dream,157,2.0,0.0,0.0,2.0,0.0,0.0,100.0,2,,"@_Not_A_Ginger_, @ichishihoyuri"
BanG Dream,158,1.0,3.0,1.0,5.0,20.0,60.0,20.0,2,,"@nate567987, @myhonestopinion3334"
BanG Dream,159,0.0,2.0,0.0,2.0,0.0,100.0,0.0,2,,"@ayayaxngel, @ykodayo"
BanG Dream,160,0.0,1.0,1.0,2.0,50.0,50.0,0.0,2,,"@renosenpai, @namidayo28"
BanG Dream,161,2.0,0.0,0.0,2.0,0.0,0.0,100.0,2,,"@ValidT, @iTiffanyi"
BanG Dream,162,1.0,1.0,1.0,3.0,33.33,33.33,33.33,2,,"@lemonryummy, @fiaczek"
BanG Dream,163,0.0,2.0,0.0,2.0,0.0,100.0,0.0,2,,"@かもねぎお-j8h, @小竹木さく"
BanG Dream,164,1.0,1.0,0.0,2.0,0.0,50.0,50.0,2,,"@devyche3961, @glitterheartribbon-q"
BanG Dream,165,0.0,3.0,0.0,3.0,0.0,100.0,0.0,2,,"@yamatarou029, @Givcf37"
BanG Dream,166,1.0,1.0,0.0,2.0,0.0,50.0,50.0,2,,"@the8bitclicker_193, @2Blu2"
BanG Dream,167,1.0,2.0,1.0,4.0,25.0,50.0,25.0,2,,"@Beatricethepjsklover, @JaritoMusic"
BanG Dream,168,0.0,2.0,0.0,2.0,0.0,100.0,0.0,2,,"@エイブルベイカー, @回避餅"
BanG Dream,169,1.0,0.0,2.0,3.0,66.67,0.0,33.33,2,,"@XikrinaLukina, @aliceinwonderland08"
BanG Dream,170,0.0,0.0,2.0,2.0,100.0,0.0,0.0,2,,"@lilyiron5969, @zaychikrandbronya1174"
BanG Dream,171,0.0,2.0,0.0,2.0,0.0,100.0,0.0,2,,"@kamiyachen91, @davidnnn6986"
BanG Dream,172,0.0,2.0,0.0,2.0,0.0,100.0,0.0,2,,"@Sui-q3b, @hina45510"
BanG Dream,173,1.0,1.0,3.0,5.0,60.0,20.0,20.0,2,"bands, like, new, new bands","@chokletyumyum2599, @Toffee028"
BanG Dream,174,0.0,2.0,0.0,2.0,0.0,100.0,0.0,2,,"@NhậtKhaNguyễn-t1c, @QinglinLiu"
BanG Dream,175,1.0,0.0,2.0,3.0,66.67,0.0,33.33,2,bandori,"@Huehuemuch, @Yato-ws3kp"
BanG Dream,176,0.0,2.0,0.0,2.0,0.0,100.0,0.0,2,,"@alifmaulaja5950, @finkfink2"
BanG Dream,177,0.0,2.0,0.0,2.0,0.0,100.0,0.0,2,,"@muhdanwar4824, @arnoeddy1403"
BanG Dream,178,1.0,1.0,0.0,2.0,0.0,50.0,50.0,2,,"@adamrmdhn541, @chiimei"
BanG Dream,179,2.0,1.0,0.0,3.0,0.0,33.33,66.67,2,"covers, pjsk","@bellatravis9716, @raisinpies"
BanG Dream,180,0.0,2.0,0.0,2.0,0.0,100.0,0.0,2,,"@シーチャオ, @m16159s"
BanG Dream,181,1.0,1.0,0.0,2.0,0.0,50.0,50.0,2,,"@AlgebralienSix, @Koiifishss"
BanG Dream,182,0.0,4.0,0.0,4.0,0.0,100.0,0.0,2,,"@SuikaNagao, @kataryo4326"
BanG Dream,183,0.0,1.0,2.0,3.0,66.67,33.33,0.0,2,,"@しずく-g3y, @LeoAestron"
BanG Dream,184,0.0,2.0,4.0,6.0,66.67,33.33,0.0,2,"movie, home, hahaha, episode, like, anime, typical","@DarkUltragustavorock2006, @irvanmikhael3163"
BanG Dream,185,0.0,2.0,0.0,2.0,0.0,100.0,0.0,2,,"@kickken4058, @mits354"
BanG Dream,186,0.0,0.0,2.0,2.0,100.0,0.0,0.0,2,,"@Len_chic, @tsuyuthenormalfrog1911"
BanG Dream,187,0.0,5.0,0.0,5.0,0.0,100.0,0.0,2,,"@ヌーヌン, @ot8345"
BanG Dream,188,0.0,3.0,0.0,3.0,0.0,100.0,0.0,2,,"@Iovemkm, @Kanadeknight"
BanG Dream,189,0.0,1.0,1.0,2.0,50.0,50.0,0.0,2,,"@victorfajardourizar3042, @LuisAlberto-uz2zh"
BanG Dream,190,0.0,1.0,1.0,2.0,50.0,50.0,0.0,2,,"@PrimaAzurelight01, @Skib358mermerSkib"
BanG Dream,191,1.0,1.0,1.0,3.0,33.33,33.33,33.33,2,bandori,"@flexra, @feliksdzerzhinskij800"
BanG Dream,192,1.0,4.0,1.0,6.0,16.67,66.67,16.67,2,"months, i'm, fries, potato, later, months later","@hard_satania926, @murasAme19"
BanG Dream,193,1.0,1.0,3.0,5.0,60.0,20.0,20.0,2,,"@AmanoRui, @whiteskybluesea"
BanG Dream,194,0.0,2.0,0.0,2.0,0.0,100.0,0.0,2,,"@KuniaccNiNo, @Rott33nchan"
BanG Dream,195,4.0,4.0,1.0,9.0,11.11,44.44,44.44,2,,"@hinyaaa, @apricotsart"
BanG Dream,196,2.0,0.0,1.0,3.0,33.33,0.0,66.67,2,sounds,"@veripritty5956, @rollinggirll"
BanG Dream,197,2.0,1.0,0.0,3.0,0.0,33.33,66.67,2,kaoru,"@miaxxluvs, @webbony"
BanG Dream,198,0.0,6.0,1.0,7.0,14.29,85.71,0.0,2,,"@nene1224-s4w, @松村有輝"
BanG Dream,199,0.0,4.0,0.0,4.0,0.0,100.0,0.0,2,,"@saria9013, @竈門炭治郎-d7x"
BanG Dream,200,1.0,1.0,0.0,2.0,0.0,50.0,50.0,2,,"@Patchiloaf, @-touhoufan"
BanG Dream,201,2.0,1.0,0.0,3.0,0.0,33.33,66.67,2,"season, watch","@jtoldfield, @YukiPheonix"
BanG Dream,202,0.0,3.0,0.0,3.0,0.0,100.0,0.0,2,,"@llllboomerlll3122, @jameseji97"
BanG Dream,203,0.0,1.0,1.0,2.0,50.0,50.0,0.0,2,,"@lolsuckmydick, @smellyzabeth"
BanG Dream,204,0.0,2.0,0.0,2.0,0.0,100.0,0.0,2,,"@yellowlover55, @Burrito412"
BanG Dream,205,1.0,1.0,0.0,2.0,0.0,50.0,50.0,2,,"@gabrieltaurino4657, @MikaFrogPossum667"
BanG Dream,206,0.0,0.0,2.0,2.0,100.0,0.0,0.0,2,,"@The_local_goofy, @M4nni0701"
BanG Dream,207,0.0,2.0,0.0,2.0,0.0,100.0,0.0,2,,"@DEVVIZ0811, @Ray_HW"
BanG Dream,208,0.0,2.0,0.0,2.0,0.0,100.0,0.0,2,,"@ajoajoajoaj, @cherrycookieplays8271"
BanG Dream,209,0.0,3.0,0.0,3.0,0.0,100.0,0.0,2,,"@fhfahim709, @kennyssj4"
BanG Dream,210,1.0,2.0,0.0,3.0,0.0,66.67,33.33,2,,"@reilover9990, @yvarabu"
BanG Dream,211,0.0,8.0,0.0,8.0,0.0,100.0,0.0,2,,"@diaruby, @濵本竜司"
BanG Dream,212,0.0,3.0,0.0,3.0,0.0,100.0,0.0,2,,"@user-oo6by6cb9u, @mainaccount4560"
BanG Dream,213,2.0,0.0,2.0,4.0,50.0,0.0,50.0,2,"incest, just","@ny0ch10, @DavitMustanian"
BanG Dream,214,1.0,1.0,0.0,2.0,0.0,50.0,50.0,2,,"@NekoHiroSan8643, @fattysaturn6696"
BanG Dream,215,0.0,4.0,1.0,5.0,20.0,80.0,0.0,2,,"@bioguitar, @宇土穣"
BanG Dream,216,0.0,2.0,1.0,3.0,33.33,66.67,0.0,2,characters,"@mualaniwaves, @_mavikjk"
BanG Dream,217,1.0,0.0,2.0,3.0,66.67,0.0,33.33,2,like,"@badbuddy0934, @lexex2550"
BanG Dream,218,0.0,2.0,0.0,2.0,0.0,100.0,0.0,2,,"@くまっ-t3g, @川本裕一-f2j"
BanG Dream,219,0.0,4.0,0.0,4.0,0.0,100.0,0.0,2,,"@鷹取亮介, @enjumaru2847"
BanG Dream,220,0.0,3.0,0.0,3.0,0.0,100.0,0.0,2,,"@三男さんなん-l2v, @シーマ-f6y"
BanG Dream,221,0.0,0.0,2.0,2.0,100.0,0.0,0.0,2,,"@BreakDownBuildUp, @TempTaiStation1"
BanG Dream,222,0.0,3.0,0.0,3.0,0.0,100.0,0.0,2,,"@lenen6832, @luckynevx"
BanG Dream,223,1.0,1.0,0.0,2.0,0.0,50.0,50.0,2,,"@igotkidsinmybasementurnext5576, @abouquetofdyingroses"
BanG Dream,224,0.0,0.0,3.0,3.0,100.0,0.0,0.0,2,"cute, precious, rimi","@tonygarcia4730, @lindseybrown94"
BanG Dream,225,0.0,2.0,0.0,2.0,0.0,100.0,0.0,2,,"@紅姫うみこ, @そら-m1m"
BanG Dream,226,0.0,1.0,1.0,2.0,50.0,50.0,0.0,2,,"@Ryuuu53, @Tommy-by1ns"
BanG Dream,227,0.0,2.0,0.0,2.0,0.0,100.0,0.0,2,,"@キキリン-w6e, @アルケンれいだ"
BanG Dream,228,1.0,1.0,0.0,2.0,0.0,50.0,50.0,2,,"@ruyaazuya3334, @juney4571"
BanG Dream,229,0.0,2.0,0.0,2.0,0.0,100.0,0.0,2,,"@darkaoshi27, @7_muhammadmuharromisusmaya196"
BanG Dream,230,0.0,0.0,2.0,2.0,100.0,0.0,0.0,2,,"@Echleon_, @regulusfusionai2050"
BanG Dream,231,0.0,2.0,0.0,2.0,0.0,100.0,0.0,2,,"@Unkownvid112, @MochaCiaVTOfficial"
BanG Dream,232,0.0,0.0,2.0,2.0,100.0,0.0,0.0,2,,"@chaoticbookshelf1063, @KatsuKasuu"
BanG Dream,233,2.0,2.0,1.0,5.0,20.0,40.0,40.0,2,spam,"@starrsynth, @vanoes"
BanG Dream,234,0.0,1.0,2.0,3.0,66.67,33.33,0.0,2,,"@aina6501, @mahirushiinadefender6038"
BanG Dream,235,2.0,2.0,0.0,4.0,0.0,50.0,50.0,2,"card, like, start, looks, looks like","@Hex_and_Cyrix_simp, @watashime_vkipper"
BanG Dream,236,0.0,3.0,0.0,3.0,0.0,100.0,0.0,2,,"@misteryoso2373, @azaffaza"
BanG Dream,237,0.0,2.0,0.0,2.0,0.0,100.0,0.0,2,,"@Serenity_ahhh, @whiskerlickens7317"
BanG Dream,238,1.0,0.0,1.0,2.0,50.0,0.0,50.0,2,,"@arandomketchup4649, @yellowjackets_gamin"
BanG Dream,239,0.0,3.0,0.0,3.0,0.0,100.0,0.0,2,,"@光莉と千影, @hayabusa072215"
BanG Dream,240,1.0,1.0,0.0,2.0,0.0,50.0,50.0,2,,"@VictoriaParent-l5m, @akafebreze"
BanG Dream,241,0.0,1.0,2.0,3.0,66.67,33.33,0.0,2,"bandori, it's, pjsk vocalists, vocalists, biased, feel, just, makes","@muffinman_4, @ayamarukitty"
BanG Dream,242,0.0,1.0,1.0,2.0,50.0,50.0,0.0,2,,"@BlueverseProject, @_amya__"
BanG Dream,243,0.0,5.0,0.0,5.0,0.0,100.0,0.0,2,,"@ねざ百鬼組, @deny_okusawa"
BanG Dream,244,0.0,2.0,0.0,2.0,0.0,100.0,0.0,2,,"@まちだ-o2v, @通知ウォフザマス"
BanG Dream,245,0.0,2.0,0.0,2.0,0.0,100.0,0.0,2,,"@TheNKagami, @1126rr"
BanG Dream,246,1.0,1.0,1.0,3.0,33.33,33.33,33.33,2,"aggressive, covers, covers aggressive","@kaniozaini, @N3bulae09"
BanG Dream,247,0.0,9.0,1.0,10.0,10.0,90.0,0.0,2,,"@seed6456, @mm.yuppie2501"
BanG Dream,248,0.0,3.0,0.0,3.0,0.0,100.0,0.0,2,,"@justkatzy, @annieamare"
BanG Dream,249,0.0,3.0,0.0,3.0,0.0,100.0,0.0,2,,"@一樹-v1h, @黄緑紫黒"
BanG Dream,250,0.0,1.0,2.0,3.0,66.67,33.33,0.0,2,,"@VivalaG, @taty3138"
BanG Dream,251,0.0,2.0,0.0,2.0,0.0,100.0,0.0,2,,"@oo-yj8wy, @murkikash"
BanG Dream,252,0.0,2.0,0.0,2.0,0.0,100.0,0.0,2,,"@_barista83, @ドンケ"
BanG Dream,253,0.0,10.0,0.0,10.0,0.0,100.0,0.0,2,,"@素浪臼, @トシオカナモン"
BanG Dream,254,0.0,7.0,0.0,7.0,0.0,100.0,0.0,2,,"@eiki3779, @赤崎烈斗"
BanG Dream,255,0.0,2.0,0.0,2.0,0.0,100.0,0.0,2,,"@emmacristea6714, @moonlights_tsu8143"
BanG Dream,256,0.0,1.0,1.0,2.0,50.0,50.0,0.0,2,,"@Eis_, @xShamandalie"
BanG Dream,257,0.0,2.0,0.0,2.0,0.0,100.0,0.0,2,,"@Maerene, @saucymice26"
BanG Dream,258,1.0,0.0,3.0,4.0,75.0,0.0,25.0,2,,"@muhamadrabanibinzawawi4434, @khocthue3"
BanG Dream,259,1.0,0.0,1.0,2.0,50.0,0.0,50.0,2,,"@DenisEinzbern, @frenzonevirus745"
BanG Dream,260,0.0,4.0,0.0,4.0,0.0,100.0,0.0,2,,"@廻天せし龍神, @suiminDID"
BanG Dream,261,0.0,1.0,2.0,3.0,66.67,33.33,0.0,2,sekai,"@zelphire6416, @sugar.rat31"
BanG Dream,262,0.0,1.0,1.0,2.0,50.0,50.0,0.0,2,,"@7vlusic, @Yuanshaosama"
BanG Dream,263,0.0,0.0,3.0,3.0,100.0,0.0,0.0,2,,"@zoshlog, @n-Chantreuse"
BanG Dream,264,0.0,3.0,0.0,3.0,0.0,100.0,0.0,2,,"@リュート-y2p, @揚げパン-i2f"
BanG Dream,265,0.0,1.0,1.0,2.0,50.0,50.0,0.0,2,,"@Renault420, @bitkiii6374"
BanG Dream,266,1.0,0.0,1.0,2.0,50.0,0.0,50.0,2,,"@robonene7611, @Velereth"
BanG Dream,267,0.0,2.0,0.0,2.0,0.0,100.0,0.0,2,,"@tan6683, @thecommoner2090"
BanG Dream,268,0.0,2.0,0.0,2.0,0.0,100.0,0.0,2,,"@nagsicle, @IWasgt"
BanG Dream,269,0.0,1.0,2.0,3.0,66.67,33.33,0.0,2,,"@jacquilinemaake596, @oreofoxgamerx6028"
BanG Dream,270,1.0,8.0,14.0,23.0,60.87,34.78,4.35,2,"views, amazing, wow, just, just views, omg, omg views, cmon","@Tsuruding, @Mayuri-Mai"
BanG Dream,271,1.0,0.0,3.0,4.0,75.0,0.0,25.0,2,"toya, best, really, just, love, cover, biased, vbs","@solarssolstice, @getoo4-5"
BanG Dream,272,0.0,2.0,0.0,2.0,0.0,100.0,0.0,2,,"@ingi-u62, @123YMD"
BanG Dream,273,0.0,1.0,1.0,2.0,50.0,50.0,0.0,2,,"@Sparkills-0139, @N30nink"
BanG Dream,274,1.0,1.0,0.0,2.0,0.0,50.0,50.0,2,,"@LIKEMINE000, @BudBloom99"
BanG Dream,275,1.0,1.0,0.0,2.0,0.0,50.0,50.0,2,,"@5at5una, @NMR25"
BanG Dream,276,1.0,1.0,1.0,3.0,33.33,33.33,33.33,2,,"@Leo.junior1234, @creaturefan216"
BanG Dream,277,0.0,2.0,0.0,2.0,0.0,100.0,0.0,2,,"@mrwutang-x4k, @swinyg3519"
BanG Dream,278,0.0,2.0,0.0,2.0,0.0,100.0,0.0,2,,"@lovestargame, @yyyyy-yn8i"
BanG Dream,279,0.0,1.0,1.0,2.0,50.0,50.0,0.0,2,,"@_rinshia, @Dan-ni1ct"
BanG Dream,280,0.0,1.0,1.0,2.0,50.0,50.0,0.0,2,,"@leobenca8282, @sinistar5041"
BanG Dream,281,1.0,1.0,0.0,2.0,0.0,50.0,50.0,2,,"@LunarShift, @ilovebeinggyaru"
BanG Dream,282,0.0,3.0,0.0,3.0,0.0,100.0,0.0,2,,"@メッシ_10, @user-freeman111"
BanG Dream,283,0.0,4.0,0.0,4.0,0.0,100.0,0.0,2,,"@ないびの, @LoveX2000X"
BanG Dream,284,0.0,12.0,0.0,12.0,0.0,100.0,0.0,2,,"@ルル3錠25amiakey, @田野満開"
BanG Dream,285,0.0,3.0,0.0,3.0,0.0,100.0,0.0,2,,"@きりみちゃん-t4p, @りっか-z6r"
BanG Dream,286,0.0,1.0,2.0,3.0,66.67,33.33,0.0,2,bandori,"@niicespiice, @hjjr31"
BanG Dream,287,1.0,0.0,1.0,2.0,50.0,0.0,50.0,2,,"@tupespa, @nothingbutsweat"
BanG Dream,288,0.0,2.0,0.0,2.0,0.0,100.0,0.0,2,,"@Auqi, @Valenzki"
BanG Dream,289,0.0,2.0,0.0,2.0,0.0,100.0,0.0,2,,"@Kazuuu14477, @robertbernard7844"
BanG Dream,290,0.0,4.0,0.0,4.0,0.0,100.0,0.0,2,,"@ふさふさん-h1g, @なめこマン"
BanG Dream,291,0.0,3.0,0.0,3.0,0.0,100.0,0.0,2,"en, en server, event, server","@blbrdshmmng, @Rinzy1140"
BanG Dream,292,0.0,1.0,1.0,2.0,50.0,50.0,0.0,2,,"@mayamaya6182, @mulppsxd"
BanG Dream,293,0.0,1.0,2.0,3.0,66.67,33.33,0.0,2,"bandori, band, it's, rosalia","@Leonaa4, @Koshka_milk_OFFICIAL"
BanG Dream,294,0.0,5.0,1.0,6.0,16.67,83.33,0.0,2,,"@kotaro-j1d, @ゲッコウガ-y6r"
BanG Dream,295,1.0,1.0,0.0,2.0,0.0,50.0,50.0,2,,"@XxXsoapXxX, @rebewz"
BanG Dream,296,0.0,1.0,1.0,2.0,50.0,50.0,0.0,2,,"@akaru3202, @LuxFloire"
BanG Dream,297,0.0,3.0,1.0,4.0,25.0,75.0,0.0,2,,"@Yunoა, @AnaVitoria-ci9li"
BanG Dream,298,0.0,0.0,2.0,2.0,100.0,0.0,0.0,2,,"@YingXu-s3y, @merlinaudubon6202"
BanG Dream,299,0.0,2.0,0.0,2.0,0.0,100.0,0.0,2,,"@kuicclyrics, @dasidasidasida"
BanG Dream,300,0.0,7.0,1.0,8.0,12.5,87.5,0.0,2,,"@nSzalka, @ボコ-c6o"
BanG Dream,301,0.0,4.0,1.0,5.0,20.0,80.0,0.0,2,,"@Games-ii6bs, @icycandiee6343"
BanG Dream,302,0.0,2.0,0.0,2.0,0.0,100.0,0.0,2,,"@唐揚げ弁当-e5h, @ThunderElectronicsWorld"
BanG Dream,303,0.0,2.0,0.0,2.0,0.0,100.0,0.0,2,,"@箸休め花, @零阡"
BanG Dream,304,0.0,2.0,0.0,2.0,0.0,100.0,0.0,2,,"@mannen_novice, @user-izmsk-0510"
Project Sekai,0,68.0,181.0,139.0,388.0,35.82,46.65,17.53,171,"thank, rank, miku, sidequestswithmanu, card, just, team, game","@Its_Me_Aliceee, @UltimateSpinjitzuDestroyer, @kohane.world.domination, @savageryreally7058, @angelleslikeyou"
Project Sekai,1,97.0,293.0,59.0,449.0,13.14,65.26,21.6,160,"mizuki, trans, yes, canon, miku, aroace, just, mizuki trans","@Emii11ii, @Noodle_doodle_crafts, @Hammupal_21, @Yuon_11, @damagedcircuits"
Project Sekai,2,183.0,151.0,84.0,418.0,20.1,36.12,43.78,146,"like, just, shiho, think, don't, it's, really, mafuyu","@mitsu-e7b, @Manikuin_nin, @C1oudy_, @MysticTheFloofBall, @Shihosiies"
Project Sekai,3,51.0,118.0,159.0,328.0,48.48,35.98,15.55,124,"movie, miku, thanks, like, thank, just, watching, game","@bear_baremathilde, @MissedComboswithLauraNeuzeth, @gamingwithjason_, @Mango1021, @Ingo_Nabori"
Project Sekai,4,121.0,102.0,66.0,289.0,22.84,35.29,41.87,113,"like, just, cards, songs, hot, think, story, mizuki","@MLuvsLemonz, @Alien.RanRan, @monedooo, @mochimonika, @londynwallace2393"
Project Sekai,5,61.0,139.0,42.0,242.0,17.36,57.44,25.21,105,"like, emu, fight, just, yeah, im, sekai, help","@kohanes1fan, @TwilightTheGuy, @boba-fortune987, @arizdagurl, @hey6157"
Project Sekai,6,59.0,83.0,34.0,176.0,19.32,47.16,33.52,93,"akito, just, event, like, help, crying, tsukasa, it's","@marnies_morpeko, @ZhavariASVBS, @Sillygoober3915, @cacaca0, @Storm88888"
Project Sekai,7,68.0,83.0,70.0,221.0,31.67,37.56,30.77,91,"game, like, just, know, it's, mau1368, really, think","@UT4iTE, @Ablerave, @shiro-hoshishimaundercover8739, @lenatenyi9014, @corndawg9595"
Project Sekai,8,35.0,105.0,26.0,166.0,15.66,63.25,21.08,88,"kly, song, append, maddiplayz1, im, en, it's, yeah","@RedPaint477, @rrohazie, @errorpixelyt, @corisandecastan, @MaddiPlayz1"
Project Sekai,9,41.0,53.0,73.0,167.0,43.71,31.74,24.55,82,"like, love, ringtone, got, tier, tiering, just, event","@itzjolted, @Stxrry_Ren, @Kitty_Kat101, @Ryuji-Ly, @imnotlaee"
Project Sekai,10,45.0,51.0,36.0,132.0,27.27,38.64,34.09,73,"game, wxs, just, like, really, songs, play, gacha","@tokaku, @iexist_thatsit, @QlipothGear, @kanafu.k, @kokoko368"
Project Sekai,11,18.0,58.0,43.0,119.0,36.13,48.74,15.13,72,"true, fr, best, love, lol, agree, like, yes","@POOPNUGGET19, @beeeeni, @Blue-Code, @birb111, @AustinWithAHead"
Project Sekai,12,43.0,73.0,21.0,137.0,15.33,53.28,31.39,70,"just, song, like, ensekai, aroace, game, yeah, think","@nikovoss1472, @K3iwk0, @ruri-., @YOKANlMlTORETE, @sp4ceC0wbo0y"
Project Sekai,13,36.0,59.0,22.0,117.0,18.8,50.43,30.77,67,"fr, ena, just, lmao, mafuyu, wakeupena, bro, toya","@WeekendViibes, @Akai_Atsuki, @lovebinaa, @komaeggi, @zuluharbour2213"
Project Sekai,14,26.0,77.0,32.0,135.0,23.7,57.04,19.26,64,"song, play, ah, callmelizlia, speed, think, lol, pjsk","@liathecupid, @nudelauflaufwoomy, @nihilitywithin, @AustKNclips, @FeralYESYES"
Project Sekai,15,21.0,40.0,51.0,112.0,45.54,35.71,18.75,63,"best, vbs, n25, nightcord, odds, like, wxs, songs","@not-Eu, @jennifersotheraccount736, @lukamegurine4793, @faminehand, @mizukieater"
Project Sekai,16,30.0,67.0,21.0,118.0,17.8,56.78,25.42,59,"song, just, like, jp, hold, note, ah, pjsk","@380se-mi, @Heygayness, @agentnix21, @gamelledegravier, @YaoTea"
Project Sekai,17,12.0,58.0,28.0,98.0,28.57,59.18,12.24,59,"love, gay, song, mizurui, happy, yea, like, just","@Saki_LNsunshine, @AikoLikesAmber, @tegcat, @Avaloveschicken12, @Plainchees3."
Project Sekai,18,41.0,67.0,6.0,114.0,5.26,58.77,35.96,58,"song, like, rui5, rui, notes, hold, kaitosnumberonelover, just","@ruiwithrabies, @lthaqua, @regardish, @meltd2wnw, @thetadumb"
Project Sekai,19,13.0,34.0,56.0,103.0,54.37,33.01,12.62,52,"card, lunagoddessofthemoon, like, kanade, pretty, master, just, yes","@LunaGoddessOfTheMoon, @loloargentino, @duckle.d, @savesavva, @Astrogalaxykitty"
Project Sekai,20,40.0,42.0,41.0,123.0,33.33,34.15,32.52,50,"like, love, think, just, people, tsukasa, game, agree","@zomrai, @newquestion15, @dreammarche, @bubbl3_delia, @tintedpalette653"
Project Sekai,21,35.0,53.0,22.0,110.0,20.0,48.18,31.82,44,"correct, mafuyu, depressed, know, pjsk, just, depression, actually","@Xiaaaaaaaaa, @Minsuno1fan, @ansnumberonefan, @tatcolツ, @SunakoTenshiro"
Project Sekai,22,11.0,46.0,20.0,77.0,25.97,59.74,14.29,44,"splatoon, game, song, thought, soudatta, real, hear, pfp","@mochifox6675, @divinitydorks, @ThatOneWeirdGuy-nd4xb, @Someone-friendly, @T-rexMannn"
Project Sekai,23,11.0,47.0,12.0,70.0,17.14,67.14,15.71,43,"song, like, just, did, mafuyu, lmao, oofalization2636, combo","@Kirara_Simp69, @soredemoiindayo, @berdinepro7989, @audisplaystation3982, @lim0n1"
Project Sekai,24,16.0,68.0,10.0,94.0,10.64,72.34,17.02,43,"song, devil, master, stevecrush123, just, note, hold, dont","@asterifever, @stevecrush123, @ChristelleBaier, @Pancakes_76, @CreatorOfficialTUOC"
Project Sekai,25,19.0,36.0,13.0,68.0,19.12,52.94,27.94,39,"pjsk, hive, song, easy, rhythm, bro, master, just","@Itzlixxieee, @Lightkitty24, @earth2vvee, @YellowRaincoatsAreDelish, @オスケール"
Project Sekai,26,41.0,21.0,9.0,71.0,12.68,29.58,57.75,38,"people, just, rui, story, bad, akito, japan, game","@ema_idiot, @amxterxsu138, @theolaclan, @milkyway-train-insurance, @clockworkcake9408"
Project Sekai,27,16.0,19.0,10.0,45.0,22.22,42.22,35.56,38,"song, die, love, jp, lol, like, just, people","@m1shi, @ぱんだ筍たべる, @SadisticFrog, @computershitty, @zLucardy"
Project Sekai,28,24.0,23.0,8.0,55.0,14.55,41.82,43.64,27,"just, swastika, like, game, symbol, yeah, lol, rui","@bagElbitEsssss, @LittleCheeseburger-q2r, @Al13nRu1, @zephyraowl, @WxS_Songstress"
Project Sekai,29,10.0,24.0,17.0,51.0,33.33,47.06,19.61,26,"sekai, got, omg, just, lol, yes, know, imagine","@crunchykandi, @kaKaKi1234, @Freddyfazbear-yk3gu, @UnbreakingSOUL, @T3NSH1_N0CL0V3R_ALT"
Project Sekai,30,0.0,40.0,0.0,40.0,0.0,100.0,0.0,25,"nessy, timutimu, timutimu xp, white, white nessy, xp","@L-erulu, @若です, @H1ro3ta, @おにーたん-l7j, @white-nessy"
Project Sekai,31,9.0,15.0,18.0,42.0,42.86,35.71,21.43,23,"event, t5, just, xalors, it's, omg, gonna, did","@TheXalors, @koekoekichi, @dusttalebrainrot, @CHICKENNUGGIE_19, @Ashielysiaa"
Project Sekai,32,7.0,22.0,7.0,36.0,19.44,61.11,19.44,22,"like, game, play, fyodor, fr, playing, probably, game play","@thegi1rl, @CcKitvie, @aquajasper, @セバくん, @user59132"
Project Sekai,33,7.0,15.0,8.0,30.0,26.67,50.0,23.33,22,"hold, im, syfm, dihs, pjsk, fizzipopp, twin, shiggling","@budynczekoladowyy, @Kitsu_ItezaCreates, @unknown-tilltheend_-ivan, @Hayaya14, @soulgiiaboy"
Project Sekai,34,23.0,25.0,9.0,57.0,15.79,43.86,40.35,22,"cringe, song, it's, ok, just, say, download, like","@LttlBmblBee, @N3bulae09, @Asina.123, @LesterPapadopoulossnvrdrypants, @sstrawberrysdiaryy"
Project Sekai,35,14.0,21.0,4.0,39.0,10.26,53.85,35.9,21,"admyblvd, fr, mizu5, card, mizuki, depression, know, emu","@axolotllover4848, @Latte_Shortyy, @heya5010, @cheese_vaccum, @liveactionme6607"
Project Sekai,36,8.0,21.0,4.0,33.0,12.12,63.64,24.24,21,"fr, ikr, akito, real, said, song, kiss, akitoya","@Idk-w7t6z, @asterst4rr, @mizukiluvvsv, @Stellartsandgames, @Pawzz-mitsuki"
Project Sekai,37,1.0,21.0,2.0,24.0,8.33,87.5,4.17,20,"real, i'm, true, real i'm, hair, im, know, mizukis","@kwyxi, @rogersumateraRILL, @sillyawua, @Rboyfroyo, @MysticFlourBeast_of_epathy"
Project Sekai,38,0.0,16.0,5.0,21.0,23.81,76.19,0.0,19,,"@鮪-g1d, @マシュマロman, @melonp-39, @xeno1020, @k-h9179"
Project Sekai,39,7.0,19.0,12.0,38.0,31.58,50.0,18.42,18,"len, gabbyisagoober, lmao, mean, star, added, iidreamxyii8242, fuhua765","@Phluphyy, @marsnyann, @DELTARUNE1225TOMORROW, @VioletAkuroma, @gabbyisjustagoober27"
Project Sekai,40,0.0,30.0,0.0,30.0,0.0,100.0,0.0,17,,"@Kikyo_Bangdream, @user-nununu-i9r, @_7u-piter, @TASKIAO-o5p, @ゐいぐるみ"
Project Sekai,41,3.0,10.0,8.0,21.0,38.1,47.62,14.29,16,"expert, song, master, easy, isobel079, hard, played, die","@Hollyberryl0ver, @starz4audz, @Altforleah, @justrandom3339, @shuumatsuban"
Project Sekai,42,5.0,13.0,6.0,24.0,25.0,54.17,20.83,13,"game, called, pjsk, project, project sekai, sekai, pjsk project, colorful","@ihatebugsEww, @Justhopebubs222, @Celestial.alein.sonaria, @Lemonesss, @xXlight.blueXx"
Project Sekai,43,10.0,10.0,4.0,24.0,16.67,41.67,41.67,13,"family, family link, link, like, okay, huh, huh okay, jp","@artful_ACE11037, @am1a_is_here, @kawaiijoost, @JustSomeOrdinaryStudent, @shusumii"
Project Sekai,44,4.0,12.0,6.0,22.0,27.27,54.55,18.18,13,"song, hold, aoyagixx, guys, whats, thanks, note, help","@dragondash09, @aoyagixx, @bullyglazer1234, @STfan111, @orb_editz2"
Project Sekai,45,0.0,22.0,2.0,24.0,8.33,91.67,0.0,12,"game, pjsk, hatsune, hatsune miku, miku, project, project sekai, sekai","@nyoomquityoutube, @amaya1210, @Jade_therat-r1l, @Skye-o9d, @pepper_m1ntt"
Project Sekai,46,2.0,13.0,4.0,19.0,21.05,68.42,10.53,10,"project, expert, actually, just, called, app, app store, store","@fw678-p5c, @farizalee9874, @xAtomicDingoGames, @SaazieMoonYT, @AnaisPastorSoler"
Project Sekai,47,2.0,20.0,2.0,24.0,8.33,83.33,8.33,10,"game, song, timely_fox, issue, skill, skill issue, colorful, colorful stage","@ExAcct, @Therian_husky_, @HaruTurkish, @HydroHydraulics, @Yanamie12"
Project Sekai,48,4.0,5.0,0.0,9.0,0.0,55.56,44.44,9,"comments, likes, likes comments, comment, likes comment","@CCHA0TICENTR0PY, @WonderSm1le, @do_omy, @Shizuro_Reii, @LatıLucıSylus"
Project Sekai,49,4.0,6.0,4.0,14.0,28.57,42.86,28.57,8,"genshin, kanade, server, jp","@The_Genshin, @bbysiea, @RealCollei, @Oreo_yoyoofficial, @xp1nkxpjskxonYT"
Project Sekai,50,0.0,7.0,2.0,9.0,22.22,77.78,0.0,8,"mika, just, kagehira, kiki, spotted","@Mika_Kagehira_valkyrie, @jiji_socool, @asmodiasmobilemoba, @25-mayonnaise-bottles, @st4r.r0gue"
Project Sekai,51,5.0,6.0,1.0,12.0,8.33,50.0,41.67,8,"shiho, like, dislike, friends, band, story, character, shizuku","@mewstone8442, @setuwtuethji, @sincerely_kotoka, @kumoric, @pleaseforgivemeandpurple"
Project Sekai,52,3.0,5.0,0.0,8.0,0.0,62.5,37.5,8,"song, long, trolling","@THEpreminger, @UnfinishedVegies, @So_Indecisive, @lenkagamine4059, @alyziee"
Project Sekai,53,3.0,9.0,0.0,12.0,0.0,75.0,25.0,7,"nene, game, robo, rui, doing, america, going, read","@Eo22I005, @lethalty6055, @nosoydarku, @FellaxFeline13, @illumiEclipse"
Project Sekai,54,3.0,5.0,3.0,11.0,27.27,45.45,27.27,7,"got, notomor1, luck, hours, tiered, day, mizu5, f2p","@eleanora_nene, @RandomPjskPlayer, @meh_81, @NotOmor1, @Mafufu_Kasa"
Project Sekai,55,3.0,9.0,0.0,12.0,0.0,75.0,25.0,7,"en, charts, neo, thing, developers, sorella, wait, en charts","@Napkin152, @Lucy.ও, @SnipeLain, @Claudelobster111, @sorella."
Project Sekai,56,2.0,2.0,5.0,9.0,55.56,22.22,22.22,7,"like, japanese, voicelines, story, jase276, project, project sekai, sekai","@donyori, @purplequestionmark, @Palemis, @chiare5236, @PWNDON"
Project Sekai,57,1.0,9.0,2.0,12.0,16.67,75.0,8.33,7,"game, sonolus, project, project sekai, sekai, colorful, colorful stage, hatsune","@the_seabunnyboi7004, @moru.5953, @kurtcobain1111, @violet999ab, @Mrprx88"
Project Sekai,58,3.0,5.0,2.0,10.0,20.0,50.0,30.0,7,"append, speed, expert, miku, try, end, miku expert, end miku","@ChiyasWonderworld, @ෆbrick_eaterෆ, @Brawler2-uh8wd, @4STR0_0N_P4WZ, @novarsity"
Project Sekai,59,3.0,5.0,1.0,9.0,11.11,55.56,33.33,7,,"@meretrizo1, @kemorin_45, @ZenoxioGD, @basicallyaBystander, @ilovetetoyipperz"
Project Sekai,60,4.0,2.0,3.0,9.0,33.33,22.22,44.44,6,"real, think, i'm","@Naomi_rantz, @good.at.dash12, @Sp0ng3-Po4at0, @YellowFireyy, @momoyafluff"
Project Sekai,61,7.0,4.0,2.0,13.0,15.38,30.77,53.85,6,"recommendations, i've, fandom, it's, new, interact, weird, fan","@mprobab, @ElifDuru-r6r, @The_Zombiie, @chronic_femaledog_face, @zarinaisweird"
Project Sekai,62,0.0,8.0,2.0,10.0,20.0,80.0,0.0,6,"siblings, kkyumonoyoi, len, rin, yeah, convos, just, main","@mewowow, @Itse1liee, @uhhhCheese, @kori-sn4co, @blouptibloup"
Project Sekai,63,0.0,9.0,1.0,10.0,10.0,90.0,0.0,6,"game, hatsune, hatsune miku, miku, pjsk, project, project sekai, sekai","@TheSilverBacon09, @onlinecorpse, @Armintimothy, @YOUALLWILLBURNTOHELL, @user-ly2nx7ss2x"
Project Sekai,64,0.0,12.0,1.0,13.0,7.69,92.31,0.0,6,"game, easy, project, project sekai, sekai","@skylercuberkid, @oficialRicoguer6, @Maminnefor, @yuriezralascano7053, @MIPVR"
Project Sekai,65,3.0,7.0,0.0,10.0,0.0,70.0,30.0,6,"master, hard, expert, expert master, lol, playing, play, trend","@ll1eeon, @esmapeanut, @dustysoup2238, @joannaa_1018, @Boruwiak"
Project Sekai,66,4.0,2.0,2.0,8.0,25.0,25.0,50.0,6,does,"@ghosteaaa7949, @ReiToriyasuSan, @nyasreverie, @nooktom, @twowearr"
Project Sekai,67,2.0,4.0,0.0,6.0,0.0,66.67,33.33,6,"it's, new, new ui, ui, mechanic, it's new","@ChloeeeTheHuman, @C0RAL-_-, @kaialuvss, @w0ndrbreddd, @GAM3.BO1"
Project Sekai,68,1.0,2.0,3.0,6.0,50.0,33.33,16.67,6,,"@vnguyen-s6j, @BART-l2d, @Offical_Randy-k3, @Bangladesh-7vv, @Anime0reference"
Project Sekai,69,4.0,8.0,2.0,14.0,14.29,57.14,28.57,6,"alr, music, im, song, did, music shop, shop, tried","@Krizzysigma, @LolulolitalorettaLutin, @Enanan_l1, @Cup_cakeyy, @justfdwu"
Project Sekai,70,3.0,1.0,2.0,6.0,33.33,16.67,50.0,6,"eyes, hours","@kyashiwastaken, @MadamHertaFan69, @wuestar2651, @History_With_An_Idiot, @SomePerson-7"
Project Sekai,71,2.0,6.0,1.0,9.0,11.11,66.67,22.22,6,"mafuyu, im, gender, coconut","@regrettingtheguilt, @N33DYENBY0V3RLO4D, @littlegreen_bean, @ImNotYuuKiful, @Mikuudayoo2015"
Project Sekai,72,0.0,6.0,1.0,7.0,14.29,85.71,0.0,6,"real, i'm, i'm like, like","@memcho101, @ToyaAoyagiFan0525, @Bellameowow, @bdhfnisbdjaujuuuwrhgsjfsjcejfu, @ieatmarshmellos"
Project Sekai,73,0.0,11.0,0.0,11.0,0.0,100.0,0.0,6,"game, colorful, colorful stage, project, project sekai, sekai, sekai colorful, stage","@SUG4Rxz, @Sproutling2.0, @Ashlx_lol, @Catarmy1st, @N4TSUK1-9xy"
Project Sekai,74,3.0,3.0,1.0,7.0,14.29,42.86,42.86,6,"just, understand","@coxkyail_w, @XD-ZYT, @mitsubalover, @remiyang-dd3xv, @VOICESPAINTNOTHING"
Project Sekai,75,0.0,8.0,1.0,9.0,11.11,88.89,0.0,5,,"@くろごま29, @ログ-1124, @Zero-ng6tx, @kie923, @mariottto"
Project Sekai,76,5.0,3.0,1.0,9.0,11.11,33.33,55.56,5,"got, hell, tier, event, tiering, wl, high, airi","@DanielYYSekai, @Rain_SEKAI, @VOXINSHARK, @miniave, @gyarugirly"
Project Sekai,77,2.0,5.0,4.0,11.0,36.36,45.45,18.18,5,"game, pjsk, play, colorful, colorful stage, hatsune, hatsune miku, miku","@SalehAb-y3b, @magolorfan123, @Nacho_BLINK, @AQUO-WATER, @Lulus_artt"
Project Sekai,78,2.0,9.0,1.0,12.0,8.33,75.0,16.67,5,"hard, mode, life, thing","@Radiant_st4r207, @Yourl0calTherianMIA, @jax.ৎ, @Somebodystolemymicrowave, @Yaesle529"
Project Sekai,79,1.0,10.0,1.0,12.0,8.33,83.33,8.33,5,"emina, keys, chanrants, emina chanrants","@Lethhಠ_ಠ, @AmeliaStarsus01-Oficial, @Mr.CrazyVillainVillain, @emina-chanRants, @peachypuppy889"
Project Sekai,80,1.0,3.0,1.0,5.0,20.0,60.0,20.0,5,,"@WH1TAND3MMA, @CookiePookieNOEMI, @Crispycatt1474, @cakey.rantss, @UN251685"
Project Sekai,81,0.0,3.0,5.0,8.0,62.5,37.5,0.0,5,video,"@spumpkn, @Yaoi_Yuri_ON_TOP, @wawahmari, @TheClassterMaster, @lolbitvirus"
Project Sekai,82,2.0,2.0,1.0,5.0,20.0,40.0,40.0,5,,"@Im_starting_to_like_myself, @Victoriatired12, @Tara_., @ch1pz-z, @SQTRaven"
Project Sekai,83,3.0,2.0,0.0,5.0,0.0,40.0,60.0,5,"possible, thumb, humanly, players, thumb players, technically, technically possible, thumbs","@Inkboy45, @chubbydoganimations6267, @dawdle9175, @KAAATOFFICIAL, @enzos_gaming9187"
Project Sekai,84,3.0,2.0,1.0,6.0,16.67,33.33,50.0,5,"songs, lvl, difficulty, like, notes, trace, trace notes, characters","@miruinele, @brycelumpkin8658, @purplewarrior12, @Tsukibara28, @Nana00912"
Project Sekai,85,3.0,7.0,0.0,10.0,0.0,70.0,30.0,5,"song, trend","@Savdgm, @eniii_x, @Yamm-1457, @Luvableyuki, @Cerespace"
Project Sekai,86,0.0,6.0,1.0,7.0,14.29,85.71,0.0,5,"pause, slow, taps","@mizukiss., @Yourlocal_mhafan921, @iamD-Anna, @maximaluf, @skibidideftoness"
Project Sekai,87,0.0,3.0,2.0,5.0,40.0,60.0,0.0,5,yes,"@seriinerinne, @Squidward-yeah, @Yummerzandcreamzz, @Toyaberry-W2n, @Il-Raven"
Project Sekai,88,0.0,4.0,1.0,5.0,20.0,80.0,0.0,5,"sexuality, oo, ee, ee oo","@Amandaricci_pretty, @MorrinOgulia, @ChertohaIMP, @toastyrantzz, @Mittens_emojicat_kori_rants"
Project Sekai,89,1.0,6.0,1.0,8.0,12.5,75.0,12.5,5,deco,"@augustinen.t, @ImFeelingKyu-kurarin, @Vi3starr, @macosisthebestosP, @MoonRabbit-P"
Project Sekai,90,0.0,0.0,5.0,5.0,100.0,0.0,0.0,5,"mafuyu, best, vbs, outfits, songs","@arrowkeys4691, @haileye, @Dudeinthesky6833, @choerryis, @ameeliaaaaa"
Project Sekai,91,1.0,4.0,2.0,7.0,28.57,57.14,14.29,4,"tsukasa, event, minori, far, new, interactions, kanade, kohane","@jonokirby, @nctcordsmellslikehotdogwater, @Doris-gf4hb, @yayagldz"
Project Sekai,92,1.0,4.0,0.0,5.0,0.0,80.0,20.0,4,rank,"@Namicho.dreamz, @Littlegotham-h2q, @Sebas_vlm, @WinterBlaze-w8k"
Project Sekai,93,1.0,4.0,2.0,7.0,28.57,57.14,14.29,4,,"@suzuki_artz, @spr0ut-s33d1yyy_emojicat, @Alexzz522, @preppylvke"
Project Sekai,94,3.0,1.0,1.0,5.0,20.0,20.0,60.0,4,"kokona, world, panaginipngalangba, pjsk, youtube","@kokonafriedchicken9031, @panaginipngalangba, @hindiwithshweta3565, @Atheris_Ceratophora"
Project Sekai,95,2.0,4.0,0.0,6.0,0.0,66.67,33.33,4,,"@vampirevoid_leo, @Unbelievablyunfunny, @sanri0add1ct-e4u, @3l1n0r-l3c"
Project Sekai,96,0.0,2.0,2.0,4.0,50.0,50.0,0.0,4,cover,"@MikaelaRM, @skywiffavery, @Isabellashineei, @snowiethedeniafan"
Project Sekai,97,3.0,1.0,3.0,7.0,42.86,14.29,42.86,4,"honami, fight, shit, emu, win, yeah, event, mention","@Detectivekohletoma, @orion_11_305, @Melly-nx7of, @Lilybobsn1fan"
Project Sekai,98,3.0,3.0,2.0,8.0,25.0,37.5,37.5,4,"chat, cried, like, lol","@KKur0ba_7, @Chimera-0401, @ImNotMatchyTotally, @kalyispie"
Project Sekai,99,1.0,5.0,0.0,6.0,0.0,83.33,16.67,4,hard,"@Hiiii-i5o, @n0t_y7ki, @KONN3USAGI, @DazaiOsamu-y3h"
Project Sekai,100,1.0,4.0,4.0,9.0,44.44,44.44,11.11,4,"hours, blahaj, like","@Mydeisimp69, @rotom_dexx, @blahaj., @Kekkokowo"
Project Sekai,101,2.0,0.0,2.0,4.0,50.0,0.0,50.0,4,"announced, announced finally, finally, got, got announced","@Foxo2439, @unicornhorn1003, @NotMeltedWaffles, @SanestJeongjinfan"
Project Sekai,102,4.0,3.0,0.0,7.0,0.0,42.86,57.14,4,"drink, kaito, pee","@MilaLaCourse-q5d, @ANGELM-s2j, @raiden_hanade_gokuhara, @Blower-Pot-Maker"
Project Sekai,103,0.0,4.0,1.0,5.0,20.0,80.0,0.0,4,help,"@deceasedhomosexual, @ninemusess, @valerinaaax, @Rosétoilew"
Project Sekai,104,3.0,3.0,0.0,6.0,0.0,50.0,50.0,4,"story, offensive, like, global","@snowstormyuki, @Purple_Crystal, @S0RNG, @curepinkie1637"
Project Sekai,105,1.0,2.0,1.0,4.0,25.0,50.0,25.0,4,"player, mania, mania player, osu, osu mania","@OATZA67, @pelsta, @MaxLee-0497, @mitsuhashii"
Project Sekai,106,2.0,7.0,0.0,9.0,0.0,77.78,22.22,4,"gonna, hatsunemiku","@ToastersToastToast, @Zeynarella, @HatsuneMiku-01VOCALOID, @PinkielovesKanao"
Project Sekai,107,2.0,4.0,0.0,6.0,0.0,66.67,33.33,4,"joke, song, start, start song","@Waffle._.Lulzzx, @Agis-c6n, @RuiandNene, @S1LLY_ANN4_L0V3R"
Project Sekai,108,0.0,5.0,2.0,7.0,28.57,71.43,0.0,4,"play, en, jp, anniversary, l4v3nd3r_43, got, update, jp en","@V3Lcr0_Sp1kE, @popeyesprsk, @ahl_namr, @RINCHANNOW1"
Project Sekai,109,0.0,4.0,1.0,5.0,20.0,80.0,0.0,4,"hold, foot","@buttholesucker, @sbjb12, @emberellaslol, @rinaffe"
Project Sekai,110,2.0,3.0,2.0,7.0,28.57,42.86,28.57,4,"don, happy, say, play, crk, play crk, pjsk","@Mari1vx, @viocat_does_stuff, @Wonderhoy27, @viipartfait"
Project Sekai,111,10.0,1.0,3.0,14.0,21.43,7.14,71.43,3,"ruikasa, ship, shippers, like, dont, toxic, bad, think","@CookiesTasteGood1412, @Erissie, @ellesosilly"
Project Sekai,112,0.0,4.0,1.0,5.0,20.0,80.0,0.0,3,game,"@Soda_fizzy88, @theyluvskenyaa, @zleepynyan"
Project Sekai,113,1.0,3.0,0.0,4.0,0.0,75.0,25.0,3,"que, la, por, en, hay, ruleta, el, impresionarse","@271smh, @Dipzy_chan, @vampyrott"
Project Sekai,114,0.0,5.0,0.0,5.0,0.0,100.0,0.0,3,,"@CHIBI-k5x, @Moon_channelheart, @Reseonated"
Project Sekai,115,1.0,5.0,0.0,6.0,0.0,83.33,16.67,3,"like, uh, app, legal, thinking, banning, think, app like","@Dassa-lt, @kittenz188, @unintenuu"
Project Sekai,116,1.0,4.0,1.0,6.0,16.67,66.67,16.67,3,,"@Wateryestherealone, @cheesequackers11, @LEAHSLAYS-m6w"
Project Sekai,117,0.0,3.0,3.0,6.0,50.0,50.0,0.0,3,"tablet, new, new tablet","@yvxrai, @luvxlixz, @NNemuru"
Project Sekai,118,5.0,2.0,1.0,8.0,12.5,25.0,62.5,3,"school, reading, expert, girl, got, aint, aint reading, allat","@Literally.Vickie, @KenzieDillon-r1f, @CarlieAndStuffhehe"
Project Sekai,119,0.0,3.0,0.0,3.0,0.0,100.0,0.0,3,"game, played","@silasbrown9136, @The_blue_A, @arhops9078"
Project Sekai,120,1.0,3.0,1.0,5.0,20.0,60.0,20.0,3,,"@yuss_xoଘଓ, @NãoSeiQueNomeColocarAqui, @EstrellaNevada"
Project Sekai,121,1.0,2.0,2.0,5.0,40.0,40.0,20.0,3,"game, colorful, colorful stage, stage","@nep-e9y, @N_Murd3r_dr0n3es, @starr3yy"
Project Sekai,122,3.0,3.0,0.0,6.0,0.0,50.0,50.0,3,"sir, suck","@GIRLYGIRLY67baddie, @cheesecake125-i8e, @obvnot_joelle"
Project Sekai,123,2.0,3.0,0.0,5.0,0.0,60.0,40.0,3,"ton, harder, harder ton","@1mangaokuru, @EricYuremHernándezLópez, @greenhelix6671"
Project Sekai,124,1.0,5.0,1.0,7.0,14.29,71.43,14.29,3,"pjsk, friends, friends said, said, korean, korean pjsk","@Zaifuyu, @strawberrymilkk39, @GabeDoingThings"
Project Sekai,125,1.0,1.0,2.0,4.0,50.0,25.0,25.0,3,,"@Excema_XE3, @Jellyshark39, @kork_ismyfav"
Project Sekai,126,0.0,1.0,3.0,4.0,75.0,25.0,0.0,3,event,"@aiririiiin, @Nilou_dancer180, @ely9656"
Project Sekai,127,2.0,1.0,0.0,3.0,0.0,33.33,66.67,3,"don, wxs, feel, don read, group, read stories","@asukalangley_yeah, @shogun3292, @7vt8td"
Project Sekai,128,0.0,2.0,1.0,3.0,33.33,66.67,0.0,3,"cookie, cookie run, kingdom, run, run kingdom","@ItsJustKasaneTeto, @Kinichlover555, @GuyHoldingAir"
Project Sekai,129,0.0,5.0,0.0,5.0,0.0,100.0,0.0,3,song,"@adoFan.12, @venti132, @Allen_divan"
Project Sekai,130,0.0,2.0,1.0,3.0,33.33,66.67,0.0,3,,"@FairyMuchii, @fluuf999, @ktpocasangre"
Project Sekai,131,0.0,4.0,0.0,4.0,0.0,100.0,0.0,3,"game, project, project sekai, sekai","@linananabanana123, @AlexsandraBurjanadze, @LobotomyGiver5000"
Project Sekai,132,1.0,3.0,0.0,4.0,0.0,75.0,25.0,3,"sekai, version","@whatamidoinglols, @pokotonto, @strawbrcak_sz"
Project Sekai,133,2.0,1.0,0.0,3.0,0.0,33.33,66.67,3,"dangerous, rui","@twiirllie, @pattowo029, @amberr3662"
Project Sekai,134,0.0,3.0,0.0,3.0,0.0,100.0,0.0,3,master,"@MrPuzzleCodes, @thetwistedtrichster, @DennisFuentes-b6c"
Project Sekai,135,4.0,0.0,0.0,4.0,0.0,0.0,100.0,3,"like, rui","@Emergency_Duck, @CVAStudios, @EMURUIWORLDDOMINATION"
Project Sekai,136,0.0,3.0,0.0,3.0,0.0,100.0,0.0,3,"append, mode","@ZQuinn2017, @0rii1i-63, @luichiedador2149"
Project Sekai,137,2.0,2.0,1.0,5.0,20.0,40.0,40.0,3,hold,"@Tinymiku_wig, @sangonomiyakokomi5764, @ermactuallywsg"
Project Sekai,138,0.0,1.0,2.0,3.0,66.67,33.33,0.0,3,,"@marshiboi2991, @SnowBoy1008, @liqznaa"
Project Sekai,139,0.0,2.0,2.0,4.0,50.0,50.0,0.0,3,,"@su1k_t3aa, @THANKSFORTHESUBSYALL1245, @Pearled_parrot"
Project Sekai,140,0.0,3.0,0.0,3.0,0.0,100.0,0.0,3,,"@ZizzyIsNoobGamer-i8y, @cacao4pod, @rabbitbeanie"
Project Sekai,141,2.0,4.0,0.0,6.0,0.0,66.67,33.33,3,"gamepad, pattern, easy, easy pattern","@subscribtion_network, @eowuwa, @cheriselongsioco464"
Project Sekai,142,2.0,1.0,1.0,4.0,25.0,25.0,50.0,3,"like, characters, game, time, feel, feel like, better, great","@Jiroji-Takumaku, @yoisakikanade, @kay.005"
Project Sekai,143,0.0,4.0,0.0,4.0,0.0,100.0,0.0,3,,"@sukatore1, @Kanikama_JP, @mrd.channel"
Project Sekai,144,1.0,2.0,0.0,3.0,0.0,66.67,33.33,3,,"@daimlerchryz1357, @Horrorguy9083, @Guacaguacamole"
Project Sekai,145,2.0,0.0,2.0,4.0,50.0,0.0,50.0,3,"got, happened","@cheesecakemari, @Ac3øfSpades30, @MyactualnameisnotAki"
Project Sekai,146,0.0,5.0,1.0,6.0,16.67,83.33,0.0,3,pfp,"@i.nyandesu, @experiment.videogames, @Tsuzuki_AINThere"
Project Sekai,147,0.0,2.0,2.0,4.0,50.0,50.0,0.0,3,it's,"@Türkbeylerr, @kaylilaaishah4254, @newguuy2"
Project Sekai,148,0.0,5.0,0.0,5.0,0.0,100.0,0.0,3,"project, project sekai, sekai","@peonvn, @Rennka861, @Poyoroiko"
Project Sekai,149,0.0,3.0,1.0,4.0,25.0,75.0,0.0,3,"game, called, called hatsune, colorful, colorful stage, hatsune, hatsune miku, miku","@Secret.204, @kristofrullens9443, @ForeverNull"
Project Sekai,150,2.0,2.0,0.0,4.0,0.0,50.0,50.0,3,,"@Cutiethestars, @ameyuii, @IIDXZERKO"
Project Sekai,151,0.0,4.0,0.0,4.0,0.0,100.0,0.0,3,"soudatta, song, whats, whats song","@judd.spammss, @MizukiIsVeryySigma, @BLAME_NINA"
Project Sekai,152,1.0,2.0,0.0,3.0,0.0,66.67,33.33,3,"mmj, popular","@flinchhy, @mizaplier, @shinoakis"
Project Sekai,153,3.0,0.0,0.0,3.0,0.0,0.0,100.0,3,"hate, pjsk","@B4NNED_MP4, @konomin-l7u, @joefernandes7614"
Project Sekai,154,2.0,3.0,0.0,5.0,0.0,60.0,40.0,3,"bad, just, note, trace, trace note","@Igettoosillysometimes, @nothanks_imgood153, @ihavecontroversialopinions"
Project Sekai,155,4.0,0.0,1.0,5.0,20.0,0.0,80.0,3,"fans, hole, rabbit, rabbit hole, like, vocaloid, people, demonise","@11th-angel, @yam8528, @BlooberryCat"
Project Sekai,156,1.0,2.0,1.0,4.0,25.0,50.0,25.0,3,song,"@StefanieTirlea, @Mizukiz_wife, @Yvk1_328"
Project Sekai,157,1.0,3.0,0.0,4.0,0.0,75.0,25.0,3,"like, old","@jessicanrgaard4021, @RAINBOWSKULLSOFFICIAL, @autumn-71"
Project Sekai,158,1.0,1.0,3.0,5.0,60.0,20.0,20.0,3,"real, favorite, life, thing, saki, think, just, connections","@revel6337, @Ur_Local_Undertale_Fan, @GRAHHHH"
Project Sekai,159,0.0,3.0,1.0,4.0,25.0,75.0,0.0,3,,"@MichaelChan-k7c, @NoodlezFinchez, @thannixgarcia9609"
Project Sekai,160,1.0,1.0,3.0,5.0,60.0,20.0,20.0,3,"shizuku, baby, baby shizuku","@pinguindante, @Chili_bob, @anomaliecaris"
Project Sekai,161,0.0,5.0,0.0,5.0,0.0,100.0,0.0,3,jackpot,"@reemoo_edits, @SleepyHea_d, @lumi.cal2763"
Project Sekai,162,2.0,1.0,0.0,3.0,0.0,33.33,66.67,3,,"@cAptivErAgdOllmArionettE, @GrayTia-s9m, @geleryl"
Project Sekai,163,0.0,3.0,0.0,3.0,0.0,100.0,0.0,3,swastika,"@trashcan_6, @usernameunderdevelopment, @coolmacncheese"
Project Sekai,164,3.0,2.0,1.0,6.0,16.67,33.33,50.0,2,"mafuyu, point, actually, let, events, it's, mom, story","@joemamacaprisun, @user-xu6oo5qm8c"
Project Sekai,165,0.0,5.0,1.0,6.0,16.67,83.33,0.0,2,,"@Chocoboi8, @JayGarcia-n6p"
Project Sekai,166,3.0,0.0,2.0,5.0,40.0,0.0,60.0,2,"tsukasa, tiering, event, wl, got, abt, mainly, easy","@pixie_dust042, @Marihasnoclue"
Project Sekai,167,1.0,2.0,1.0,4.0,25.0,50.0,25.0,2,luck,"@crystalice0906, @floofyspirit"
Project Sekai,168,1.0,3.0,1.0,5.0,20.0,60.0,20.0,2,"story, happy, mafuyu, mafuyu pretending, pretending, main, n25, depressed","@dabestoscfan, @Taylor_14-i6i"
Project Sekai,169,1.0,2.0,1.0,4.0,25.0,50.0,25.0,2,,"@nine.lives_fox, @ariaisontop"
Project Sekai,170,1.0,2.0,2.0,5.0,40.0,40.0,20.0,2,"i'm, nightcord, im, i'm jump, jump","@Penelopetheorange, @spoongirlcunnytheory"
Project Sekai,171,2.0,2.0,1.0,5.0,20.0,40.0,40.0,2,"thumbs, use, fingers, lol, eodoare, phone","@nicdoesthings, @eodoare"
Project Sekai,172,1.0,2.0,1.0,4.0,25.0,50.0,25.0,2,thoughtful,"@missoxsugar, @Penelope_theblackcat"
Project Sekai,173,1.0,1.0,2.0,4.0,50.0,25.0,25.0,2,,"@ThatHungryDuck, @mohankorram7873"
Project Sekai,174,1.0,3.0,1.0,5.0,20.0,60.0,20.0,2,,"@getaloadofthisguy4936, @caprine.m"
Project Sekai,175,0.0,2.0,0.0,2.0,0.0,100.0,0.0,2,,"@oO0Vanitas0Oo, @aarizalia7939"
Project Sekai,176,0.0,2.0,0.0,2.0,0.0,100.0,0.0,2,,"@NoobVirtuoso, @shizumafupresident"
Project Sekai,177,0.0,2.0,0.0,2.0,0.0,100.0,0.0,2,,"@matuyumu, @Kazunosub"
Project Sekai,178,1.0,1.0,0.0,2.0,0.0,50.0,50.0,2,,"@ImSanji_CZ, @wha5di"
Project Sekai,179,0.0,2.0,0.0,2.0,0.0,100.0,0.0,2,,"@yoloo01, @CometWarRock"
Project Sekai,180,0.0,2.0,0.0,2.0,0.0,100.0,0.0,2,,"@rawrsicle, @steffyakinrelere6857"
Project Sekai,181,1.0,0.0,1.0,2.0,50.0,0.0,50.0,2,,"@lilypad2714, @Yukiskibdi"
Project Sekai,182,0.0,3.0,0.0,3.0,0.0,100.0,0.0,2,,"@gulsumcigdem7900, @lemon18809"
Project Sekai,183,0.0,1.0,1.0,2.0,50.0,50.0,0.0,2,,"@N1k0l4i., @eeriewhoo"
Project Sekai,184,0.0,1.0,1.0,2.0,50.0,50.0,0.0,2,,"@mirka_ostrovskaya, @NouraKhaldi-u4s"
Project Sekai,185,1.0,1.0,0.0,2.0,0.0,50.0,50.0,2,,"@moremoremilk, @JDN910"
Project Sekai,186,0.0,2.0,0.0,2.0,0.0,100.0,0.0,2,,"@MMothPerson, @SeabirdxRADON"
Project Sekai,187,0.0,0.0,3.0,3.0,100.0,0.0,0.0,2,,"@burgerfriesohyeah, @ychansluvv"
Project Sekai,188,0.0,1.0,1.0,2.0,50.0,50.0,0.0,2,,"@Crunchy-Soup, @vee-n1k"
Project Sekai,189,1.0,1.0,1.0,3.0,33.33,33.33,33.33,2,evolved,"@CosmicSamYt, @Mattie-.."
Project Sekai,190,1.0,1.0,1.0,3.0,33.33,33.33,33.33,2,,"@AkiraSyceQu4t3t, @pjskAkira_23"
Project Sekai,191,0.0,1.0,1.0,2.0,50.0,50.0,0.0,2,,"@SEAL_LOVER-t7r, @ALEZA_DRAG0NS"
Project Sekai,192,0.0,2.0,2.0,4.0,50.0,50.0,0.0,2,,"@DarkXWolfDiezYSiete, @Jtronguardianofhereth"
Project Sekai,193,0.0,2.0,0.0,2.0,0.0,100.0,0.0,2,,"@lisbethandrea9727, @NihilismSpring"
Project Sekai,194,0.0,2.0,0.0,2.0,0.0,100.0,0.0,2,,"@Saidassh, @4_V3RY_B3THY_B3TH"
Project Sekai,195,0.0,2.0,0.0,2.0,0.0,100.0,0.0,2,,"@Umi-Alt, @nooooooooooo-h7l"
Project Sekai,196,0.0,2.0,0.0,2.0,0.0,100.0,0.0,2,,"@GaiaMora-x9q, @mozycozyy"
Project Sekai,197,1.0,0.0,1.0,2.0,50.0,0.0,50.0,2,,"@siennareindeer, @Nobody.0077"
Project Sekai,198,0.0,2.0,0.0,2.0,0.0,100.0,0.0,2,,"@りっくん7重跳びジャンパー, @yukkijumprope"
Project Sekai,199,2.0,1.0,0.0,3.0,0.0,33.33,66.67,2,"dirty, dirty minded, minded","@SrtaAnaju, @CassielleMarquez"
Project Sekai,200,0.0,0.0,2.0,2.0,100.0,0.0,0.0,2,,"@qwertys7gp, @KanadeOrNymphia"
Project Sekai,201,0.0,2.0,0.0,2.0,0.0,100.0,0.0,2,,"@butchbojack, @taffyquiksand"
Project Sekai,202,0.0,1.0,1.0,2.0,50.0,50.0,0.0,2,,"@瑞璃Mizuri, @lukaoreo"
Project Sekai,203,0.0,1.0,1.0,2.0,50.0,50.0,0.0,2,,"@Sl33py_Sn4k3, @lyhlwn2837"
Project Sekai,204,2.0,0.0,0.0,2.0,0.0,0.0,100.0,2,,"@rikive, @ChronicallyOnlineINTP"
Project Sekai,205,1.0,1.0,0.0,2.0,0.0,50.0,50.0,2,,"@AlixisXonXexisting, @KAF.PoliticalSatireAW"
Project Sekai,206,1.0,0.0,3.0,4.0,75.0,0.0,25.0,2,"exactly, great","@friesandpotatoes9713, @The_Box_Mann"
Project Sekai,207,0.0,1.0,1.0,2.0,50.0,50.0,0.0,2,,"@lucakoddsy3000, @Armv-7a"
Project Sekai,208,0.0,2.0,1.0,3.0,33.33,66.67,0.0,2,,"@The_person_who_got_rejected, @realityshatterer"
Project Sekai,209,0.0,2.0,0.0,2.0,0.0,100.0,0.0,2,,"@ruixstarz, @PineApron"
Project Sekai,210,0.0,2.0,0.0,2.0,0.0,100.0,0.0,2,,"@Mmm221-b2o, @Yummm2957"
Project Sekai,211,0.0,2.0,1.0,3.0,33.33,66.67,0.0,2,,"@XxM4rtzxX, @RawPotatoHead"
Project Sekai,212,0.0,1.0,1.0,2.0,50.0,50.0,0.0,2,,"@mon8347, @DeDuMeNu"
Project Sekai,213,0.0,3.0,0.0,3.0,0.0,100.0,0.0,2,song,"@SquahBrackah_M_SquahBrackah, @月子-r3y"
Project Sekai,214,1.0,1.0,0.0,2.0,0.0,50.0,50.0,2,,"@hadrienhardy744, @pyurupyuru"
Project Sekai,215,0.0,1.0,1.0,2.0,50.0,50.0,0.0,2,,"@Gameofgnomes, @gabsscutie"
Project Sekai,216,0.0,2.0,1.0,3.0,33.33,66.67,0.0,2,,"@Elivr-k9n, @Mystery_girl002"
Project Sekai,217,0.0,2.0,0.0,2.0,0.0,100.0,0.0,2,,"@Kotninja1000, @ZanahoriaEdible_TWICE"
Project Sekai,218,0.0,2.0,0.0,2.0,0.0,100.0,0.0,2,,"@epsteinfn1034, @saku267"
Project Sekai,219,2.0,0.0,3.0,5.0,60.0,0.0,40.0,2,"akito, ah, ah yes, yes","@fuyoXVI, @ru1i11i"
Project Sekai,220,0.0,2.0,0.0,2.0,0.0,100.0,0.0,2,,"@EnricoSantos-b4c, @furinafanreal"
Project Sekai,221,1.0,1.0,0.0,2.0,0.0,50.0,50.0,2,,"@M30W-v5r, @Hello-fhdh"
Project Sekai,222,2.0,1.0,0.0,3.0,0.0,33.33,66.67,2,,"@vibraphoner, @Tombstonefvcko"
Project Sekai,223,0.0,3.0,0.0,3.0,0.0,100.0,0.0,2,,"@uwuerowoer, @flaky-bagel"
Project Sekai,224,0.0,2.0,0.0,2.0,0.0,100.0,0.0,2,,"@Yunnsyunss, @laurameiet9082"
Project Sekai,225,2.0,2.0,0.0,4.0,0.0,50.0,50.0,2,,"@dienatalii, @_str4wb_"
Project Sekai,226,0.0,2.0,0.0,2.0,0.0,100.0,0.0,2,,"@nagato.1007, @FunkyGamersNoob"
Project Sekai,227,0.0,2.0,0.0,2.0,0.0,100.0,0.0,2,,"@timelyenigma, @muhdhaziq3392"
Project Sekai,228,0.0,0.0,2.0,2.0,100.0,0.0,0.0,2,,"@samyrinha390, @parfa1ts"
Project Sekai,229,0.0,2.0,0.0,2.0,0.0,100.0,0.0,2,,"@emiyaurr, @DivinityXx"
Project Sekai,230,0.0,2.0,0.0,2.0,0.0,100.0,0.0,2,,"@Addie-b4x, @lost.mp4259"
Project Sekai,231,0.0,3.0,0.0,3.0,0.0,100.0,0.0,2,,"@VincentTheBored, @Danika_Aida439"
Project Sekai,232,0.0,3.0,0.0,3.0,0.0,100.0,0.0,2,minors,"@AkitoShinononononomee, @Awake_axolotls"
Project Sekai,233,0.0,2.0,0.0,2.0,0.0,100.0,0.0,2,,"@luvxnicolee, @TheWerefolk"
Project Sekai,234,0.0,3.0,0.0,3.0,0.0,100.0,0.0,2,,"@ゴリちゃん34, @Ka_ni02-o4w"
Project Sekai,235,0.0,2.0,1.0,3.0,33.33,66.67,0.0,2,,"@Juniper_Jlmkms, @ilikeducks39"
Project Sekai,236,1.0,1.0,0.0,2.0,0.0,50.0,50.0,2,,"@fennix0, @idontknowsorry4"
Project Sekai,237,0.0,2.0,0.0,2.0,0.0,100.0,0.0,2,,"@plsplaypjsekaiwme, @iirorinuu"
Project Sekai,238,0.0,2.0,0.0,2.0,0.0,100.0,0.0,2,,"@meowzers_twongaty, @ValStar.X"
Project Sekai,239,0.0,1.0,1.0,2.0,50.0,50.0,0.0,2,,"@michellecarvajal9551, @Lit-Yipp"
Project Sekai,240,1.0,2.0,1.0,4.0,25.0,50.0,25.0,2,,"@SPACE_NERD14, @YoshiYT_Official"
Project Sekai,241,0.0,2.0,0.0,2.0,0.0,100.0,0.0,2,,"@Miyakochan-z6v, @-PaulThePerson-"
Project Sekai,242,0.0,3.0,0.0,3.0,0.0,100.0,0.0,2,song,"@mila_escr23, @utayama-01"
Project Sekai,243,2.0,1.0,1.0,4.0,25.0,25.0,50.0,2,,"@kurka_minorka, @MiyokaYippie"
Project Sekai,244,1.0,1.0,0.0,2.0,0.0,50.0,50.0,2,,"@L1Z_LOLXD, @akitoyaisthebestship"
Project Sekai,245,1.0,1.0,0.0,2.0,0.0,50.0,50.0,2,,"@KurisuSora, @namvu9355"
Project Sekai,246,1.0,0.0,1.0,2.0,50.0,0.0,50.0,2,,"@daydreameratnight, @M3gur1n3luk4"
Project Sekai,247,1.0,1.0,0.0,2.0,0.0,50.0,50.0,2,,"@zillypills, @Iwillmakeyoubald"
Project Sekai,248,0.0,2.0,0.0,2.0,0.0,100.0,0.0,2,,"@em.mp3130, @mizukiisbow"
Project Sekai,249,1.0,1.0,0.0,2.0,0.0,50.0,50.0,2,,"@gwonaaa, @mrult28"
Project Sekai,250,0.0,2.0,0.0,2.0,0.0,100.0,0.0,2,,"@ゆーと-k4q, @Fancypicture"
Project Sekai,251,1.0,1.0,1.0,3.0,33.33,33.33,33.33,2,vocaloid,"@iidogninjx, @Smol1-s1m"
Project Sekai,252,0.0,0.0,2.0,2.0,100.0,0.0,0.0,2,,"@Bowii_lazy, @TheFanofPink"
Project Sekai,253,0.0,2.0,0.0,2.0,0.0,100.0,0.0,2,,"@PAKKA-g7w, @IenCV02"
Project Sekai,254,1.0,2.0,0.0,3.0,0.0,66.67,33.33,2,miku's,"@Alma_ok123, @Kokichi.pantalover"
Project Sekai,255,1.0,3.0,0.0,4.0,0.0,75.0,25.0,2,note,"@theoneandonlyannie59, @Meika_Strawberry"
Project Sekai,256,0.0,2.0,0.0,2.0,0.0,100.0,0.0,2,,"@king_hau, @Metro-P"
Project Sekai,257,0.0,2.0,0.0,2.0,0.0,100.0,0.0,2,,"@EvilBillygrr, @kaylinelemental"
Project Sekai,258,1.0,1.0,1.0,3.0,33.33,33.33,33.33,2,"miku, tags","@xklauzyx, @Mary.jayde_mj"
Project Sekai,259,1.0,2.0,0.0,3.0,0.0,66.67,33.33,2,trans,"@L3vi2eerantz, @SkullHorse"
Project Sekai,260,0.0,2.0,1.0,3.0,33.33,66.67,0.0,2,,"@imVenti, @ikuramu09"
Project Sekai,261,0.0,3.0,0.0,3.0,0.0,100.0,0.0,2,,"@Maksym-b4w, @daaazzz"
Project Sekai,262,1.0,1.0,0.0,2.0,0.0,50.0,50.0,2,,"@penelopesplaytimeofficial, @glace0909"
Project Sekai,263,1.0,0.0,1.0,2.0,50.0,0.0,50.0,2,,"@Donutz., @manusia-c2y"
Project Sekai,264,2.0,0.0,2.0,4.0,50.0,0.0,50.0,2,"gacha, f2p","@BerryCake_b, @amizuki-y7p"
Project Sekai,265,0.0,1.0,1.0,2.0,50.0,50.0,0.0,2,,"@kenjikennnnn, @McFurinaaaa"
Project Sekai,266,0.0,2.0,0.0,2.0,0.0,100.0,0.0,2,,"@Star_mo0n, @vtxmora"
Project Sekai,267,1.0,1.0,1.0,3.0,33.33,33.33,33.33,2,"energy, max, bonus, bonus energy","@sorbetsorbet, @MikuLeekz"
Project Sekai,268,0.0,0.0,3.0,3.0,100.0,0.0,0.0,2,"going, mizu5","@Toasterstruddle-s4w, @Dark_Every"
Project Sekai,269,0.0,1.0,1.0,2.0,50.0,50.0,0.0,2,,"@Muhleez-t4f, @benedictlopez5579"
Project Sekai,270,2.0,1.0,0.0,3.0,0.0,33.33,66.67,2,,"@markkmg4, @JimmyB768"
Project Sekai,271,0.0,0.0,2.0,2.0,100.0,0.0,0.0,2,,"@gurnooredits4998, @lynnpuffs"
Project Sekai,272,2.0,0.0,0.0,2.0,0.0,0.0,100.0,2,,"@Wlute, @spoon1049"
Project Sekai,273,2.0,1.0,0.0,3.0,0.0,33.33,66.67,2,"claimed, playing","@thedepresseddork, @RayGirl-yw5ye"
Project Sekai,274,0.0,2.0,1.0,3.0,33.33,66.67,0.0,2,,"@Terapagos1024, @mil002irl"
Project Sekai,275,2.0,1.0,0.0,3.0,0.0,33.33,66.67,2,,"@dyltan, @MangInutil"
Project Sekai,276,0.0,2.0,0.0,2.0,0.0,100.0,0.0,2,,"@もーぐ-s1x, @カイマチョコ"
Project Sekai,277,0.0,1.0,1.0,2.0,50.0,50.0,0.0,2,,"@Anarts211, @Staryanna-b3l"
Project Sekai,278,0.0,2.0,0.0,2.0,0.0,100.0,0.0,2,,"@Sophie_Games, @Poopleshnuple"
Project Sekai,279,0.0,2.0,0.0,2.0,0.0,100.0,0.0,2,,"@あこ-z1o, @nekorashi2516"
Project Sekai,280,1.0,1.0,0.0,2.0,0.0,50.0,50.0,2,,"@nasgor22, @elifififif"
Project Sekai,281,1.0,1.0,2.0,4.0,50.0,25.0,25.0,2,"append, memorial, memorial append","@Xx_Sese_Playz_xX, @ahmadessa8934"
Project Sekai,282,0.0,0.0,2.0,2.0,100.0,0.0,0.0,2,,"@Ausoda, @karisthetulip"
Project Sekai,283,1.0,1.0,0.0,2.0,0.0,50.0,50.0,2,,"@KAI_OLLER, @TwinkleSav"
Project Sekai,284,0.0,2.0,1.0,3.0,33.33,66.67,0.0,2,,"@Ilikelawnmowers, @Mikudayooooooooooooooooo"
Project Sekai,285,0.0,2.0,0.0,2.0,0.0,100.0,0.0,2,,"@Octomonsbackupaccount, @uhhh_farts"
Project Sekai,286,0.0,2.0,0.0,2.0,0.0,100.0,0.0,2,,"@haifaalfiyah3475, @idkSwgogh"
Project Sekai,287,1.0,0.0,1.0,2.0,50.0,0.0,50.0,2,,"@gleebleglorpcat, @canard073"
Project Sekai,288,0.0,0.0,3.0,3.0,100.0,0.0,0.0,2,game,"@Voxelboi, @AliceLoveDoll"
Project Sekai,289,1.0,3.0,1.0,5.0,20.0,60.0,20.0,2,"js, song","@Marjorie_Sabell, @Call_Me_Carol"
Project Sekai,290,0.0,1.0,1.0,2.0,50.0,50.0,0.0,2,,"@FlameOz.0, @satanickmybeloved12"
Project Sekai,291,1.0,1.0,0.0,2.0,0.0,50.0,50.0,2,,"@shiro_ikumo, @lunemush7089"
Project Sekai,292,0.0,3.0,0.0,3.0,0.0,100.0,0.0,2,,"@Muichiros_missinglefthand, @howgamin"
Project Sekai,293,0.0,1.0,1.0,2.0,50.0,50.0,0.0,2,,"@kidkid6806, @siIentprincess"
Project Sekai,294,1.0,2.0,0.0,3.0,0.0,66.67,33.33,2,use,"@xxentillvivi, @BbyEnvy"
Project Sekai,295,1.0,1.0,0.0,2.0,0.0,50.0,50.0,2,,"@Relatable.natsuki, @shyastar"
Project Sekai,296,0.0,1.0,1.0,2.0,50.0,50.0,0.0,2,,"@naetreats, @Alexismaria-r9j"
Project Sekai,297,0.0,3.0,0.0,3.0,0.0,100.0,0.0,2,song,"@lazyguyonearth, @obezteto"
Project Sekai,298,1.0,2.0,1.0,4.0,25.0,50.0,25.0,2,n25,"@123xyz-a, @SILLY_FRID4Y_LOVER11"
Project Sekai,299,0.0,3.0,0.0,3.0,0.0,100.0,0.0,2,,"@ChristofTEMPEST, @turquoiseseller"
Project Sekai,300,0.0,3.0,0.0,3.0,0.0,100.0,0.0,2,game,"@QueenAlexaEunnice, @mycat_pudding"
Project Sekai,301,1.0,1.0,0.0,2.0,0.0,50.0,50.0,2,,"@Lazy_Drawer149, @himejoshiyuri"
Project Sekai,302,0.0,3.0,0.0,3.0,0.0,100.0,0.0,2,,"@CynthiaCreamer3, @Str4wb3rry-s6m"
Project Sekai,303,1.0,1.0,1.0,3.0,33.33,33.33,33.33,2,,"@derelictsilki, @honey.z1p"
Project Sekai,304,0.0,1.0,1.0,2.0,50.0,50.0,0.0,2,,"@jetforcesorigami5972, @Ropelli_the_kitty"
Project Sekai,305,1.0,1.0,0.0,2.0,0.0,50.0,50.0,2,,"@Doodlestimezz, @B0rnBefor3"
Project Sekai,306,0.0,2.0,0.0,2.0,0.0,100.0,0.0,2,,"@GuiZora, @trafalgarlawtism"
Project Sekai,307,0.0,1.0,1.0,2.0,50.0,50.0,0.0,2,,"@LaciPlaylists, @ROYALTY_HAMSTER"
Project Sekai,308,0.0,0.0,2.0,2.0,100.0,0.0,0.0,2,,"@0ak_scribbles06, @Rolboxhehe"
Project Sekai,309,0.0,1.0,1.0,2.0,50.0,50.0,0.0,2,,"@nerixx._k, @ハーツクライ神推し"
Project Sekai,310,1.0,2.0,0.0,3.0,0.0,66.67,33.33,2,ai,"@cake_zombiez, @miiimas"
Project Sekai,311,1.0,1.0,0.0,2.0,0.0,50.0,50.0,2,,"@Susconsumer, @Clarabowroblox"
Project Sekai,312,2.0,2.0,0.0,4.0,0.0,50.0,50.0,2,,"@sanana1, @chickenwings7116"
Project Sekai,313,0.0,2.0,0.0,2.0,0.0,100.0,0.0,2,,"@njdzh3850, @whoops5991"
Project Sekai,314,0.0,1.0,2.0,3.0,66.67,33.33,0.0,2,tiering,"@krimzon7077, @DARKINBLADE."
Project Sekai,315,2.0,0.0,0.0,2.0,0.0,0.0,100.0,2,,"@Dips271, @iloveyinyangii"
Project Sekai,316,0.0,1.0,1.0,2.0,50.0,50.0,0.0,2,,"@rozelia_the_octo06, @Omori11037"
Project Sekai,317,0.0,1.0,1.0,2.0,50.0,50.0,0.0,2,,"@dudu67943, @L_ikeMint"
Project Sekai,318,0.0,2.0,0.0,2.0,0.0,100.0,0.0,2,,"@mayonnie37, @wisteriaaa_23"
Project Sekai,319,1.0,2.0,0.0,3.0,0.0,66.67,33.33,2,,"@YallknowZaeZae, @cristinabawet"
Project Sekai,320,0.0,2.0,0.0,2.0,0.0,100.0,0.0,2,,"@marshmallowangelll, @Npzinhaa"
Project Sekai,321,0.0,3.0,1.0,4.0,25.0,75.0,0.0,2,lmao,"@Kasane_Pearto-pear, @Muichiro_Tokito0123"
Project Sekai,322,1.0,0.0,1.0,2.0,50.0,0.0,50.0,2,,"@mikumikumikubeam01, @DuskCrust"
Project Sekai,323,0.0,2.0,0.0,2.0,0.0,100.0,0.0,2,,"@M4nni0701, @SHOBHAPRASAD-v5j"
Project Sekai,324,0.0,2.0,0.0,2.0,0.0,100.0,0.0,2,,"@Tyzenfx, @r0ttenskullcrusher"
Project Sekai,325,0.0,1.0,1.0,2.0,50.0,50.0,0.0,2,,"@Claireevaxtieeeeq, @mochiiiducq"
Project Sekai,326,0.0,1.0,1.0,2.0,50.0,50.0,0.0,2,,"@soaber, @rosy_chan283"
Project Sekai,327,0.0,1.0,1.0,2.0,50.0,50.0,0.0,2,,"@nightmaremoonbtw, @Johndoeeeeeeeeeee-e"
Project Sekai,328,1.0,1.0,0.0,2.0,0.0,50.0,50.0,2,,"@Ocikandang_Ayam, @Jdebwjjeeb"
Project Sekai,329,1.0,1.0,0.0,2.0,0.0,50.0,50.0,2,,"@That_Washing_Machine, @nafisa_XD"
Project Sekai,330,3.0,0.0,0.0,3.0,0.0,0.0,100.0,2,"girl, jackpot, jackpot sad, sad, sad girl","@roumeledrolin1231, @NumberAfter49PlusNumberBefore8"
Project Sekai,331,1.0,1.0,1.0,3.0,33.33,33.33,33.33,2,,"@tobenaitorinosairen, @jaxxii8775"
Project Sekai,332,0.0,2.0,0.0,2.0,0.0,100.0,0.0,2,,"@Apolly__, @leweokonamaroko---1"
Project Sekai,333,0.0,1.0,1.0,2.0,50.0,50.0,0.0,2,,"@НазираЗиеева-ь5ю, @Katzzrcute"
Project Sekai,334,1.0,2.0,0.0,3.0,0.0,66.67,33.33,2,,"@beautymikajj7721, @ColorfulSTwo"
Project Sekai,335,1.0,1.0,0.0,2.0,0.0,50.0,50.0,2,,"@rena_rin, @jamiesonwinston"
Project Sekai,336,1.0,1.0,0.0,2.0,0.0,50.0,50.0,2,,"@Joannaaa11111, @mango_pop01"
Project Sekai,337,3.0,0.0,1.0,4.0,25.0,0.0,75.0,2,"like, rock, it's, games, project, project sekai, sekai, really","@Stilmino, @saerenity"
Project Sekai,338,1.0,0.0,1.0,2.0,50.0,0.0,50.0,2,,"@cosmos-explorerr, @basicallytoxic"
Project Sekai,339,1.0,2.0,1.0,4.0,25.0,50.0,25.0,2,,"@NATCHAYAKWEEHUIENMoe, @Callisto-jupiter-moon"
Project Sekai,340,1.0,1.0,0.0,2.0,0.0,50.0,50.0,2,,"@kyuyararin, @murrVNC"
Project Sekai,341,1.0,2.0,0.0,3.0,0.0,66.67,33.33,2,"called, game, game called, hatsune, hatsune miku, miku","@theREALfishhy1888, @DumbAccount1029"
Project Sekai,342,0.0,1.0,2.0,3.0,66.67,33.33,0.0,2,,"@lex_dims, @Emiko_123"
Project Sekai,343,1.0,1.0,0.0,2.0,0.0,50.0,50.0,2,,"@SurayaMarwasi, @dessember_holiday"
Project Sekai,344,0.0,0.0,2.0,2.0,100.0,0.0,0.0,2,,"@schfox04, @Angelic_Lovey"
Project Sekai,345,0.0,2.0,1.0,3.0,33.33,66.67,0.0,2,,"@MitsukiiYamamoto, @KiwiSolaire"
Project Sekai,346,0.0,1.0,1.0,2.0,50.0,50.0,0.0,2,,"@IsabellaVelasco-dx3vg, @Ara-r3n"
Project Sekai,347,0.0,1.0,1.0,2.0,50.0,50.0,0.0,2,,"@Soloalguienenelmundo, @BunnyLux_gaming"
Project Sekai,348,1.0,1.0,0.0,2.0,0.0,50.0,50.0,2,,"@MellonyHarbin, @BREAD-is-raw-TOAST"
Project Sekai,349,1.0,1.0,1.0,3.0,33.33,33.33,33.33,2,"hive, rhythm, rhythm hive","@staytothemidzy, @kiisercola"
Project Sekai,350,0.0,2.0,0.0,2.0,0.0,100.0,0.0,2,,"@iloveivantillguyss, @Ayvwnn"
Project Sekai,351,0.0,5.0,1.0,6.0,16.67,83.33,0.0,2,maximus_scott,"@iron-plushy, @Whoareyou-q5k5u"
Project Sekai,352,0.0,1.0,1.0,2.0,50.0,50.0,0.0,2,,"@NekohitaTenko, @lebro4401"
Project Sekai,353,0.0,2.0,0.0,2.0,0.0,100.0,0.0,2,,"@AmericanGeotuber, @Just_Ivory_YT"
Project Sekai,354,1.0,1.0,0.0,2.0,0.0,50.0,50.0,2,,"@Foreverstalebread, @Kev1_2.0"
Project Sekai,355,0.0,3.0,0.0,3.0,0.0,100.0,0.0,2,,"@ZEPH1X_seal, @Ph0sh_p3nt10us"
Project Sekai,356,0.0,3.0,1.0,4.0,25.0,75.0,0.0,2,,"@Star0415-jlcf, @SlyBlue13"
Project Sekai,357,1.0,0.0,1.0,2.0,50.0,0.0,50.0,2,,"@littlejellyfisch, @autihrts"
Project Sekai,358,1.0,1.0,0.0,2.0,0.0,50.0,50.0,2,,"@emmyrip8615, @Cupcakeilah"
Project Sekai,359,0.0,1.0,1.0,2.0,50.0,50.0,0.0,2,,"@thulitesguide, @q_zollie"
Project Sekai,360,1.0,1.0,0.0,2.0,0.0,50.0,50.0,2,,"@blot_dandyworld, @serialnumber_-Q5U4EX7YY2E9N-i"
Project Sekai,361,1.0,2.0,0.0,3.0,0.0,66.67,33.33,2,swastika,"@Officialy_veriny, @papper-d4w"
Project Sekai,362,2.0,0.0,0.0,2.0,0.0,0.0,100.0,2,,"@Lunarspokesman49, @Alguienque_come_sanjacobo"
Project Sekai,363,0.0,1.0,1.0,2.0,50.0,50.0,0.0,2,,"@jtorres2412, @user2525w5"
Project Sekai,364,1.0,1.0,0.0,2.0,0.0,50.0,50.0,2,,"@spaghetti_2448, @janchristianursuaaguilar7434"
Project Sekai,365,0.0,1.0,1.0,2.0,50.0,50.0,0.0,2,,"@pxffyu, @jellyisjolly"
Project Sekai,366,0.0,2.0,0.0,2.0,0.0,100.0,0.0,2,,"@ch_unknown-o5o, @Ganym"
Project Sekai,367,2.0,0.0,0.0,2.0,0.0,0.0,100.0,2,,"@Nobody-NaDie-eSta-aQui, @Litleo276"
Project Sekai,368,0.0,2.0,0.0,2.0,0.0,100.0,0.0,2,,"@Ohiotaxeralpha, @Yoru143"
Project Sekai,369,1.0,1.0,0.0,2.0,0.0,50.0,50.0,2,,"@Editer4632, @amelodiahoy"
Project Sekai,370,2.0,1.0,0.0,3.0,0.0,33.33,66.67,2,"fight, want, want fight","@xandratobias3051, @trustme_fnaf"
Project Sekai,371,1.0,1.0,0.0,2.0,0.0,50.0,50.0,2,,"@ItzSans-ru8qu, @NotBaconYTOffical"
Project Sekai,372,1.0,2.0,0.0,3.0,0.0,66.67,33.33,2,"idol, canonically, archer, buff, canonically buff, emu, fight, honami","@miyukiyu, @magneticlye"
Project Sekai,373,0.0,2.0,0.0,2.0,0.0,100.0,0.0,2,,"@ryuuta693, @is4r1ns"
Project Sekai,374,2.0,0.0,0.0,2.0,0.0,0.0,100.0,2,,"@maxxamer, @DDDDDDDDDDDDDDDDDD-w2f"
Project Sekai,375,2.0,0.0,0.0,2.0,0.0,0.0,100.0,2,,"@im_silly-33, @aphiosey4555"
Project Sekai,376,2.0,1.0,0.0,3.0,0.0,33.33,66.67,2,,"@qxiiaw2541, @50BucksAndaLighter"
Project Sekai,377,0.0,2.0,0.0,2.0,0.0,100.0,0.0,2,,"@albertigor1890, @DetergentDrinker"
Project Sekai,378,2.0,0.0,0.0,2.0,0.0,0.0,100.0,2,,"@Kaito愛してる, @Tamonfan69"
Project Sekai,379,2.0,2.0,0.0,4.0,0.0,50.0,50.0,2,,"@OfficialCosmoChannel, @TheCelestialRealmsss"
Project Sekai,380,0.0,3.0,0.0,3.0,0.0,100.0,0.0,2,,"@コメントする米, @なんこつ-q4b"
Project Sekai,381,1.0,0.0,1.0,2.0,50.0,0.0,50.0,2,,"@A33y_th3Sq0IdMmM2, @柚紀高橋-X13"
Project Sekai,382,0.0,1.0,1.0,2.0,50.0,50.0,0.0,2,,"@JayveeJarin, @sazanka2898"
Project Sekai,383,1.0,1.0,0.0,2.0,0.0,50.0,50.0,2,,"@maebhthewanker, @ticklemypickle36"
Project Sekai,384,0.0,2.0,1.0,3.0,33.33,66.67,0.0,2,,"@OHNOdeathAngel, @Zzz_bunn3"
Project Sekai,385,1.0,1.0,0.0,2.0,0.0,50.0,50.0,2,,"@v3nc0r3, @Ace_San2"
Project Sekai,386,0.0,3.0,0.0,3.0,0.0,100.0,0.0,2,,"@25_Hrtz, @LeoMayM"
Project Sekai,387,0.0,1.0,1.0,2.0,50.0,50.0,0.0,2,,"@J4zsh3l, @julianna.-."
Project Sekai,388,1.0,0.0,2.0,3.0,66.67,0.0,33.33,2,"brand, mind, mind brand","@noturgx, @plushyslushyy"
Project Sekai,389,0.0,3.0,1.0,4.0,25.0,75.0,0.0,2,"event, pjsk","@somedummy349but-still-mari, @VIIIinfinity"
Project Sekai,390,4.0,2.0,0.0,6.0,0.0,33.33,66.67,2,"comment, fingers, like, make","@fabhasthetism_silly, @AuroraBorealis467"
Project Sekai,391,1.0,1.0,0.0,2.0,0.0,50.0,50.0,2,,"@idkpearson46, @MONOCHROME-HUANG"
Project Sekai,392,0.0,2.0,0.0,2.0,0.0,100.0,0.0,2,,"@gyaruk1tty, @Venosyaay"
Project Sekai,393,2.0,0.0,0.0,2.0,0.0,0.0,100.0,2,,"@I_isBored, @denpadenpadenpadenpa"
Project Sekai,394,0.0,0.0,2.0,2.0,100.0,0.0,0.0,2,,"@Chaimelo, @gibberished"
Project Sekai,395,0.0,1.0,1.0,2.0,50.0,50.0,0.0,2,,"@хутататата, @CharaYT2"
Project Sekai,396,0.0,1.0,1.0,2.0,50.0,50.0,0.0,2,,"@that.lil-deer, @justbloodmoonforlife"
Project Sekai,397,0.0,1.0,1.0,2.0,50.0,50.0,0.0,2,,"@Yukk23-04, @Alphaismyname"
Project Sekai,398,0.0,1.0,1.0,2.0,50.0,50.0,0.0,2,,"@itzc.aiisyn, @TsillyTsil"
Project Sekai,399,0.0,2.0,0.0,2.0,0.0,100.0,0.0,2,,"@gerardolivan, @YuUs7"
Project Sekai,400,1.0,1.0,0.0,2.0,0.0,50.0,50.0,2,,"@Masha-m4a, @diaquallo"
Project Sekai,401,1.0,0.0,1.0,2.0,50.0,0.0,50.0,2,,"@KUROMISJFJGIDJWJD, @jooobles"
Project Sekai,402,0.0,1.0,1.0,2.0,50.0,50.0,0.0,2,,"@Mizuro1011, @Reymaden1_8_5_7_0"
Project Sekai,403,2.0,0.0,1.0,3.0,33.33,0.0,66.67,2,"want hito, like, fr, fr like","@TheRealAkazadono, @sakuracherry-k2t"
Project Sekai,404,0.0,2.0,0.0,2.0,0.0,100.0,0.0,2,,"@gengen-o7l, @C0LD_HAND5"
Project Sekai,405,1.0,1.0,0.0,2.0,0.0,50.0,50.0,2,,"@hikmet1289, @weakheartlacy"
Project Sekai,406,0.0,2.0,0.0,2.0,0.0,100.0,0.0,2,,"@girljellyfish, @keitotennafan33"
